global_reward,step_reward,QoE,buffer_size,rebuffer_event,rate_switch_event,bitrate
-11.762493415021522,[-16.04944653],4,16.173529427468466,0.0,0.0,1.0
-9.972017226248322,[-14.44944651],4,16.06987408488769,0.0,0.0,1.0
-1.1427556098040075,[-2.78929407],4,15.783104627381535,0.0,0.0,1.0
-1.0590029482840175,[-4.56894756],4,15.468479148092456,0.0,0.0,1.0
-3.6185294145888935,[-8.0871062],4,15.182720258680279,0.0,0.0,1.0
-4.154201395978923,[-9.42168701],4,14.752699043075486,0.0,0.0,1.0
-7.7182356852884215,[-13.11404682],4,14.3406113763825,0.0,0.0,1.0
-7.466245997749267,[-14.09860735],4,13.846730611513669,0.0,0.0,1.0
-6.264381971957516,[-11.04864235],4,13.380469025365723,0.0,0.0,1.0
-4.637055555708708,[-8.62382781],4,13.049778051791376,0.0,0.0,1.0
-3.497540239251012,[-9.2173205],4,12.710982038634864,0.0,0.0,1.0
-2.6525088673740194,[-5.2920623],4,12.458303765108251,0.0,0.0,1.0
-4.003001607048059,[-6.7381996],4,12.164008151683065,0.0,0.0,1.0
-0.2740152629864106,[-2.7381996],4,11.905366513476077,0.0,0.0,1.0
-0.281277621167045,[-2.83461088],4,11.629111207308778,0.0,0.0,1.0
-4.654497558195104,[-8.95511546],4,11.25611760197739,0.0,0.0,1.0
-3.6976885192271025,[-6.85807446],4,11.009355689274477,0.0,0.0,1.0
-1.0365881694226025,[-3.13573205],4,10.749093574822373,0.0,0.0,1.0
-1.8846780353659298,[-5.00619905],4,10.395295879331012,0.0,0.0,1.0
-3.815557169809938,[-6.68277582],4,9.978155312399245,0.0,0.0,1.0
-0.604451358659816,[-3.87396899],4,9.687893149506154,0.0,0.0,1.0
-4.757918696303492,[-8.24266574],4,9.295052972689579,0.0,0.0,1.0
-2.675849940373797,[-6.15138118],4,8.985764748669803,0.0,0.0,1.0
-4.99609818045028,[-8.52717281],4,9.49392900273235,0.0,0.0,1.0
-3.6459375320968235,[-7.999819],4,9.65875239610062,0.0,0.0,1.0
-4.739041218041207,[-8.13725823],4,9.311696331905075,0.0,0.0,1.0
-4.811891212527131,[-8.13725823],4,9.018938875936863,0.0,0.0,1.0
-3.502842619196512,[-9.73547328],4,8.551791054306134,0.0,0.0,1.0
-6.509616476826009,[-10.15203746],4,8.2991982683583,0.0,0.0,1.0
-4.886256213729667,[-9.28644159],4,7.826081207424461,0.0,0.0,1.0
-2.6060068862799124,[-8.87912229],4,7.3397098575134585,0.0,0.0,1.0
-13.234828354156534,[-18.78539451],4,6.829633777706729,0.0,0.0,1.0
-7.489258690986661,[-12.31285562],4,6.3954313932381215,0.0,0.0,1.0
-8.639624405735677,[-12.3649409],4,6.058510104492951,0.0,0.0,1.0
-2.694887634014724,[-5.79702893],4,5.818541288343594,0.0,0.0,1.0
-2.011885261845927,[-4.99642542],4,5.925538531269435,0.0,0.0,1.0
-1.8280752627898775,[-2.3989277],4,5.709021577895969,0.0,0.0,1.0
-4.4534853875097,[-7.22216934],4,5.477073380656401,0.0,0.0,1.0
-9.45524660864317,[-12.56034563],4,5.2408536235502785,0.0,0.0,1.0
-4.97827745259167,[-8.34223649],4,5.006522429696579,0.0,0.0,1.0
-3.8839605018167167,[-6.80094889],4,4.769957147534678,0.0,0.0,1.0
-6.528829783048348,[-8.82513683],4,5.0547191186635825,0.0,0.0,1.0
-7.78476361250685,[-12.19467789],3,5.780247539431726,0.0,1.0,2.0
-4.801726851655504,[-6.16291324],7,4.136531599843838,0.0,1.0,1.0
-8.996143246878999,[-13.42962729],4,4.555614241168337,0.0,0.0,1.0
-8.575115209602846,[-13.47903681],4,4.14416524273656,0.0,0.0,1.0
-9.154328406680941,[-13.47903681],4,3.829327878630055,0.0,0.0,1.0
-9.623546373524873,[-12.9659692],4,3.531401180982424,0.0,0.0,1.0
-9.189300254868234,[-13.66575819],4,3.24723751056461,0.0,0.0,1.0
-9.470836432071634,[-12.02032572],4,2.9732071587221816,0.0,0.0,1.0
-8.394172585531646,[-10.56530678],4,2.769620305899243,0.0,0.0,1.0
-1.2143205971714601,[-2.92030602],4,2.540266136672288,0.0,0.0,1.0
-4.869881178142169,[-5.92030602],4,2.3378480165450983,0.0,0.0,1.0
-4.574970627351924,[-6.53333533],4,2.157733997492507,0.0,0.0,1.0
-5.774962275221426,[-7.22125181],4,2.475803815332919,0.0,0.0,1.0
-4.813353238164066,[-7.6961698],3,3.419054861992914,0.0,1.0,2.0
-1.489127559062637,[0.24128639],8,3.8118312097692493,0.0,0.0,2.0
-0.8816686263608488,[-2.77292185],7,4.710257809184156,0.0,1.0,3.0
-8.275214307493961,[-3.69423481],11,3.589587205247041,0.0,1.0,2.0
-5.08189062365177,[-4.4774257],7,2.6418485046944693,0.0,1.0,1.0
0.947392212518952,[-2.48913388],4,2.3427334283778096,0.0,0.0,1.0
-9.62414711932991,[-11.90011606],4,2.0433497209508507,0.0,0.0,1.0
-9.47931562945382,[-11.84223356],4,1.7487544665370058,0.0,0.0,1.0
-7.940238232481013,[-15.4386154],-1,4,1,0,1
-5.908888299138491,[-7.4265004],4,3.7029764003399293,0.0,0.0,1.0
-5.6937413055037585,[-6.7349246],4,3.465787820040501,0.0,0.0,1.0
-5.274165692508759,[-7.82709348],4,3.2067813394065228,0.0,0.0,1.0
-5.193462058203766,[-7.33861905],4,2.912523899110018,0.0,0.0,1.0
-5.523954025840002,[-7.63557257],4,2.6251577239121873,0.0,0.0,1.0
-1.1787835486528404,[-3.08938183],4,2.3665006098553008,0.0,0.0,1.0
-5.0003794411875715,[-6.96985998],4,2.1940570217387134,0.0,0.0,1.0
-4.967063537197217,[-7.64187711],4,1.8714311333776417,0.0,0.0,1.0
-7.976107715390539,[-17.99169976],-1,4,1,0,1
-8.453543616940497,[-10.97607644],4,3.767910576589609,0.0,0.0,1.0
-4.920909664153178,[-6.97607644],4,3.5572234018567626,0.0,0.0,1.0
-9.274458238145506,[-13.07494325],4,3.2975073992046755,0.0,0.0,1.0
-7.316567992337167,[-8.29344942],4,3.16664585540274,0.0,0.0,1.0
-3.18566386151227,[-4.39576387],4,3.0067941041890744,0.0,0.0,1.0
-4.803679326349882,[-5.32320659],4,2.8494456843380154,0.0,0.0,1.0
-6.174805254264269,[-8.63328684],3,3.3955318300227604,0.0,1.0,2.0
-5.188479043787424,[-5.4639548],8,3.719500612246031,0.0,0.0,2.0
-8.272124594976434,[-9.84360683],8,4.262338634176588,0.0,0.0,2.0
-12.81605664609689,[-15.60788617],7,2.923484936673614,0.0,1.0,1.0
-12.064602093055983,[-16.97553074],4,2.5952796652948615,0.0,0.0,1.0
-9.365538754723723,[-13.12457927],4,2.230155086088137,0.0,0.0,1.0
-9.1897053780149,[-11.18821091],4,2.1536145852385413,0.0,0.0,1.0
-5.440105127990424,[-8.80403681],4,1.7231339006044424,0.0,0.0,1.0
-8.30762164158876,[-15.86507369],-1,4,1,0,1
-7.843177511141605,[-11.52388743],4,3.6313628631536736,0.0,0.0,1.0
-7.712102837310952,[-10.13886243],4,3.3496413639738867,0.0,0.0,1.0
-4.387388070118052,[-7.08670707],4,3.047016951218561,0.0,0.0,1.0
-9.020228405669393,[-11.08670707],4,2.710940602175402,0.0,0.0,1.0
-9.07552360574474,[-13.98404627],4,2.356247038167504,0.0,0.0,1.0
-10.068884527967818,[-13.8051799],4,2.017655438572676,0.0,0.0,1.0
-8.22413539790959,[-10.34305488],4,1.6490049483066525,0.0,0.0,1.0
-5.860276144409315,[-13.52262707],-1,4,1,0,1
-8.169078187382178,[-10.72246704],4,3.649389513846066,0.0,0.0,1.0
-5.308679563375059,[-8.38888009],4,3.3066753415932015,0.0,0.0,1.0
-8.892616196864655,[-9.97275701],4,3.049117065897318,0.0,0.0,1.0
-5.269627772561281,[-7.32404172],4,2.8011165765390427,0.0,0.0,1.0
-1.0716360283033302,[-3.51063515],4,2.455851675629958,0.0,0.0,1.0
-5.233342284824395,[-7.42797045],4,2.1803634760881043,0.0,0.0,1.0
-6.124961484405548,[-7.73209162],4,1.936750777296386,0.0,0.0,1.0
-4.94432369609961,[-12.61717464],-1,4,1,0,1
-9.508543383190862,[-13.93236433],4,3.6345177194872282,0.0,0.0,1.0
-9.520805509759253,[-12.07855552],4,3.354787753829125,0.0,0.0,1.0
-8.94354723563487,[-12.42467466],4,3.0891967810616583,0.0,0.0,1.0
-3.744851312327274,[-7.42467466],4,2.8435414402019163,0.0,0.0,1.0
-8.202543438940523,[-10.05011991],4,2.6427509008501926,0.0,0.0,1.0
-5.684348495554996,[-6.88459456],4,2.3128508470998983,0.0,0.0,1.0
-4.543966120422761,[-7.25396293],4,1.9769486588753593,0.0,0.0,1.0
-8.94880505423588,[-17.86304047],-1,4,1,0,1
-8.246184083811983,[-10.59523686],4,3.693366129657214,0.0,0.0,1.0
-5.156812179054437,[-8.13684545],4,3.372504789148448,0.0,0.0,1.0
-9.50485004904568,[-12.0315322],4,3.1314722057925177,0.0,0.0,1.0
-9.350304532204573,[-12.0967321],4,2.8032956662779442,0.0,0.0,1.0
-4.276688421397783,[-5.48955867],4,2.6536631987651624,0.0,0.0,1.0
-5.04975210531491,[-5.50436355],4,2.540102113517884,0.0,0.0,1.0
-5.5443880577438795,[-6.8079615],4,3.027953386214586,0.0,0.0,1.0
-1.1487558960706568,[-2.91743286],4,2.8421235652076327,0.0,0.0,1.0
-7.16401357880688,[-8.35038353],4,2.503796434489884,0.0,0.0,1.0
-5.3598246623811265,[-6.84561076],4,2.2680225785773844,0.0,0.0,1.0
-5.245287813458429,[-8.17891757],3,3.0214053551967073,0.0,1.0,2.0
-4.218368387472532,[-1.80280359],7,1.77501730571523,0.0,1.0,1.0
-2.1231302922344373,[-6.80280359],-1,4,1,0,1
-1.8858585329117055,[-1.84591768],4,4.083371100432542,0.0,0.0,1.0
-1.6556263762462433,[-2.02440642],4,4.2595578566132515,0.0,0.0,1.0
2.452493620326107,[0.43192867],4,4.1186988306659735,0.0,0.0,1.0
-5.626323540394128,[-8.08003684],3,4.939402648662911,0.0,1.0,2.0
-5.219157105878745,[-5.54549675],7,5.629267685214655,0.0,1.0,3.0
-8.476674248212687,[-4.36340071],11,5.263001126406941,0.0,1.0,2.0
-4.665231848820599,[-5.26257295],7,6.095295123348944,0.0,1.0,3.0
-9.02114060834478,[-5.01824912],12,6.117022217906811,0.0,0.0,3.0
-9.593525792236978,[-5.05776994],12,6.150889869113187,0.0,0.0,3.0
-9.2076647393774,[-5.04500573],12,6.1909277573635375,0.0,0.0,3.0
-10.244210484297076,[-5.04210023],12,6.2541875968505005,0.0,0.0,3.0
-10.018910495024546,[-5.69528172],12,6.499400616214326,0.0,0.0,3.0
-9.53672339053868,[-5.19304075],12,6.600153010187301,0.0,0.0,3.0
-9.85712025836959,[-6.89455035],12,7.088323339864413,0.0,0.0,3.0
-9.38745680173216,[-4.97997516],12,6.74044193341437,0.0,0.0,3.0
-8.35025868876985,[-4.23007954],11,6.318672354718118,0.0,1.0,2.0
-4.528073443769047,[-4.59267355],7,5.117461396782286,0.0,1.0,1.0
-8.876794088508987,[-14.52043437],3,5.941861084120827,0.0,1.0,2.0
-8.379003643144802,[-9.72690873],8,6.474002979863121,0.0,0.0,2.0
-9.932530173245278,[-11.1389448],7,5.560936566418211,0.0,1.0,1.0
-9.372897317921126,[-14.02191438],4,4.946981991860058,0.0,0.0,1.0
-8.98398401077203,[-12.1058564],4,4.467826599347825,0.0,0.0,1.0
-10.002778632167308,[-14.53388136],4,4.058579812629606,0.0,0.0,1.0
-7.4913157977434945,[-13.8643325],4,3.6193882744924135,0.0,0.0,1.0
-12.458068803963705,[-16.54117712],4,3.260831601702104,0.0,0.0,1.0
-8.90359341619191,[-12.33317387],4,2.9766498697150388,0.0,0.0,1.0
-9.05069220396237,[-12.5857796],4,2.682180725262914,0.0,0.0,1.0
-9.032923914367709,[-12.5857796],4,2.430805668454669,0.0,0.0,1.0
-9.517592485746665,[-12.80392571],4,2.893978071059354,0.0,0.0,1.0
-7.246918598210326,[-8.86820613],4,2.701055073456407,0.0,0.0,1.0
-7.264650781872005,[-9.4183537],4,2.6996320001483554,0.0,0.0,1.0
-5.431755353509715,[-7.3537906],4,2.4048942047215958,0.0,0.0,1.0
-5.52339513362788,[-7.84465761],4,2.118883530819442,0.0,0.0,1.0
-9.300906487336967,[-12.65197711],4,2.0909717614627854,0.0,0.0,1.0
-9.603373765222575,[-14.62686291],3,2.681791444318558,0.0,1.0,2.0
-9.029812969030589,[-10.65413597],7,2.055956961385518,0.0,1.0,1.0
-9.333252235034722,[-13.81497235],4,1.6536459577372997,0.0,0.0,1.0
-13.508949493691135,[-23.99661262],-1,4,1,0,1
-13.310070148552766,[-19.79999998],4,3.6539131975077304,0.0,0.0,1.0
-6.745841053668691,[-10.40475601],4,3.4058573985000513,0.0,0.0,1.0
-7.4179258063009765,[-8.16743221],4,3.2601534064861495,0.0,0.0,1.0
-5.584087111299174,[-6.7812702],4,3.0579287829205675,0.0,0.0,1.0
-5.227310741189561,[-8.46183203],4,2.7970691106108836,0.0,0.0,1.0
-8.251357869843375,[-11.56095495],3,3.684969220579006,0.0,1.0,2.0
-5.329880918297153,[-3.3426015],8,4.024801083624478,0.0,0.0,2.0
-5.000625161853294,[-4.58488355],7,3.7245795041773078,0.0,1.0,1.0
-8.577380927254362,[-11.21866287],3,4.513779208475439,0.0,1.0,2.0
-4.386661023911416,[-3.75215052],7,4.176002880370865,0.0,1.0,1.0
-10.025911995135711,[-13.55794617],4,4.525458668528626,0.0,0.0,1.0
-10.249885766443247,[-12.32926795],4,4.325339270277094,0.0,0.0,1.0
-9.364648132841896,[-13.28508076],4,4.429559423543584,0.0,0.0,1.0
-9.457934711050086,[-14.43999628],3,5.0099145562967795,0.0,1.0,2.0
-9.004196186136777,[-9.01067201],7,3.674830974060012,0.0,1.0,1.0
-9.764451657117379,[-12.0139387],4,3.497130562551084,0.0,0.0,1.0
-2.1221873025475255,[-2.77753116],4,3.375738793138806,0.0,0.0,1.0
-1.9386226753498903,[-3.70931907],3,4.092595818865661,0.0,1.0,2.0
-0.3263446832980869,[1.07881687],7,2.7989804016633077,0.0,1.0,1.0
-5.495514971264789,[-6.86267094],4,3.1604692954197464,0.0,0.0,1.0
-5.529675863059578,[-6.74857788],4,3.2558881260860724,0.0,0.0,1.0
-5.630940937360541,[-8.73732026],3,4.253626521019463,0.0,1.0,2.0
-5.8721147539594565,[-3.9344884],8,4.784623153384039,0.0,0.0,2.0
-5.6206372691462585,[-5.97385339],8,5.168368071595243,0.0,0.0,2.0
-9.363591779230951,[-8.29031268],8,5.231188435920075,0.0,0.0,2.0
-8.662778356937915,[-7.28035102],7,4.385447025706558,0.0,1.0,1.0
-8.629194390513161,[-10.21656473],4,4.189314301450312,0.0,0.0,1.0
-5.565713497132429,[-6.63551486],4,4.031652020247691,0.0,0.0,1.0
-4.804230296047091,[-5.86289382],4,3.872967308068383,0.0,0.0,1.0
-4.359985731455714,[-4.89245056],4,3.752295404729544,0.0,0.0,1.0
-2.1210203722257743,[-1.96571077],4,3.633733849541295,0.0,0.0,1.0
-1.882925134130536,[-1.96571077],4,3.515172294353046,0.0,0.0,1.0
2.5349840047613066,[1.72885621],4,3.370750968412132,0.0,0.0,1.0
-5.711771383370175,[-6.99859639],4,3.2053257770282033,0.0,0.0,1.0
-4.745287951247593,[-4.99019933],4,3.074103995351301,0.0,0.0,1.0
-1.640488407396993,[-1.60102573],4,2.966072071509658,0.0,0.0,1.0
-1.641976554603503,[-1.72603009],4,2.8544308687083153,0.0,0.0,1.0
-1.6386327493089112,[-1.44515045],4,2.750899567342015,0.0,0.0,1.0
-1.8767279874041494,[-1.44515045],4,2.647368265975715,0.0,0.0,1.0
2.537273004663316,[1.33093289],4,2.508498560903073,0.0,0.0,1.0
-1.7008222334319223,[-2.66906711],4,2.3696288558304315,0.0,0.0,1.0
-0.23059094484265075,[-2.16963887],4,2.216306050644884,0.0,0.0,1.0
-5.944876659128365,[-7.16963887],4,2.062983245459337,0.0,0.0,1.0
-5.00754416487184,[-7.43370935],4,1.8731627356196605,0.0,0.0,1.0
-10.004088452346155,[-17.1434295],-1,4,1,0,1
-9.289802738060441,[-12.1434295],4,3.8185607814838245,0.0,0.0,1.0
-9.044509307736291,[-10.53878136],4,3.6545796626952214,0.0,0.0,1.0
-3.092128355355339,[-5.53878136],4,3.4905985439066183,0.0,0.0,1.0
-5.944021141134441,[-7.09777536],4,3.339350666578912,0.0,0.0,1.0
-5.705925903039203,[-7.09777536],4,3.188102789251206,0.0,0.0,1.0
-4.738318099432394,[-4.81871986],4,3.0737853344749837,0.0,0.0,1.0
0.737872376758083,[0.18128014],4,2.9594678796987615,0.0,0.0,1.0
-1.646102989713368,[-2.07265064],4,2.8378186270267096,0.0,0.0,1.0
3.595910719189301,[3.31725405],4,2.7256730378869225,0.0,0.0,1.0
3.5966339708377615,[3.31725405],4,2.6152815875844295,0.0,0.0,1.0
-1.8761904821509408,[-1.40000001],4,2.513053925351174,0.0,0.0,1.0
-1.6380952440557026,[-1.40000001],4,2.4108262631179187,0.0,0.0,1.0
-2.114285720246179,[-1.40000001],4,2.3085986008846633,0.0,0.0,1.0
-1.6384355268728603,[-1.42858376],4,2.205545633227304,0.0,0.0,1.0
-1.8761904821509408,[-1.40000001],4,2.1033179709940484,0.0,0.0,1.0
-1.8761904821509408,[-1.40000001],4,2.001090308760793,0.0,0.0,1.0
-1.8761904821509408,[-1.40000001],4,1.8988626465275376,0.0,0.0,1.0
-2.114285720246179,[-6.40000001],-1,4,1,0,1
-2.114285720246179,[-1.40000001],4,3.8977723377667446,0.0,0.0,1.0
-1.6380952440557026,[-1.40000001],4,3.795544675533489,0.0,0.0,1.0
3.5999999940395355,[3.59999999],4,3.6933170133002338,0.0,0.0,1.0
-1.6380952440557026,[-1.40000001],4,3.5910893510669784,0.0,0.0,1.0
-1.6380952440557026,[-1.40000001],4,3.488861688833723,0.0,0.0,1.0
-1.8761904821509408,[-1.40000001],4,3.3866340266004675,0.0,0.0,1.0
3.5999999940395355,[3.59999999],4,3.284406364367212,0.0,0.0,1.0
3.5999999940395355,[3.59999999],4,3.1821787021339567,0.0,0.0,1.0
3.5999999940395355,[3.59999999],4,3.0799510399007013,0.0,0.0,1.0
-2.114285720246179,[-1.40000001],4,2.977723377667446,0.0,0.0,1.0
3.5999999940395355,[3.59999999],4,2.8754957154341905,0.0,0.0,1.0
-1.6380952440557026,[-1.40000001],4,2.773268053200935,0.0,0.0,1.0
3.5999999940395355,[3.59999999],4,2.6710403909676796,0.0,0.0,1.0
-1.8761904821509408,[-1.40000001],4,2.5688127287344242,0.0,0.0,1.0
-2.352380958341417,[-1.40000001],4,2.466585066501169,0.0,0.0,1.0
-1.6380952440557026,[-1.40000001],4,2.3643574042679134,0.0,0.0,1.0
-1.8761904821509408,[-1.40000001],4,2.262129742034658,0.0,0.0,1.0
-1.8761904821509408,[-1.40000001],4,2.1599020798014026,0.0,0.0,1.0
-1.6380952440557026,[-1.40000001],4,2.057674417568147,0.0,0.0,1.0
-1.8761904821509408,[-1.40000001],4,1.9554467553348918,0.0,0.0,1.0
-2.114285720246179,[-6.40000001],-1,4,1,0,1
3.5999999940395355,[3.59999999],4,3.8977723377667446,0.0,0.0,1.0
-1.6380952440557026,[-1.40000001],4,3.795544675533489,0.0,0.0,1.0
-1.6380952440557026,[-1.40000001],4,3.6933170133002338,0.0,0.0,1.0
-1.8761904821509408,[-1.40000001],4,3.5910893510669784,0.0,0.0,1.0
3.5999999940395355,[3.59999999],4,3.488861688833723,0.0,0.0,1.0
-1.6380952440557026,[-1.40000001],4,3.3866340266004675,0.0,0.0,1.0
-1.6380952440557026,[-1.40000001],4,3.284406364367212,0.0,0.0,1.0
3.5999999940395355,[3.59999999],4,3.1821787021339567,0.0,0.0,1.0
-2.352380958341417,[-1.40000001],4,3.0799510399007013,0.0,0.0,1.0
-1.6380952440557026,[-1.40000001],4,2.977723377667446,0.0,0.0,1.0
-1.6380952440557026,[-1.40000001],4,2.8754957154341905,0.0,0.0,1.0
-2.114285720246179,[-1.40000001],4,2.773268053200935,0.0,0.0,1.0
-1.6380952440557026,[-1.40000001],4,2.6710403909676796,0.0,0.0,1.0
-1.8761904821509408,[-1.40000001],4,2.5688127287344242,0.0,0.0,1.0
-1.8761904821509408,[-1.40000001],4,2.466585066501169,0.0,0.0,1.0
-1.6380952440557026,[-1.40000001],4,2.3643574042679134,0.0,0.0,1.0
-1.6951941103323556,[-2.19630477],4,2.239137860114916,0.0,0.0,1.0
0.7428571368966788,[0.59999999],4,2.1369101978816607,0.0,0.0,1.0
-2.1278446176422374,[-2.0035234],4,2.001797464795807,0.0,0.0,1.0
-1.7035982698949885,[-2.90225418],4,1.8561949059539145,0.0,0.0,1.0
-4.971629138791194,[-9.41684716],-1,4,1,0,1
3.5999999940395355,[3.59999999],4,3.8977723377667446,0.0,0.0,1.0
3.5999999940395355,[3.59999999],4,3.795544675533489,0.0,0.0,1.0
-1.8761904821509408,[-1.40000001],4,3.6933170133002338,0.0,0.0,1.0
-2.114285720246179,[-1.40000001],4,3.5910893510669784,0.0,0.0,1.0
-2.114285720246179,[-1.40000001],4,3.488861688833723,0.0,0.0,1.0
-1.8761904821509408,[-1.40000001],4,3.3866340266004675,0.0,0.0,1.0
-1.6380952440557026,[-1.40000001],4,3.284406364367212,0.0,0.0,1.0
-1.6380952440557026,[-1.40000001],4,3.1821787021339567,0.0,0.0,1.0
-1.6380952440557026,[-1.40000001],4,3.0799510399007013,0.0,0.0,1.0
-2.114285720246179,[-1.40000001],4,2.977723377667446,0.0,0.0,1.0
3.5999999940395355,[3.59999999],4,2.8754957154341905,0.0,0.0,1.0
-2.114285720246179,[-1.40000001],4,2.773268053200935,0.0,0.0,1.0
3.5999999940395355,[3.59999999],4,2.6710403909676796,0.0,0.0,1.0
-1.6380952440557026,[-1.40000001],4,2.5688127287344242,0.0,0.0,1.0
-1.8761904821509408,[-1.40000001],4,2.466585066501169,0.0,0.0,1.0
-1.6380952440557026,[-1.40000001],4,2.3643574042679134,0.0,0.0,1.0
3.5999999940395355,[3.59999999],4,2.262129742034658,0.0,0.0,1.0
3.5999999940395355,[3.59999999],4,2.1599020798014026,0.0,0.0,1.0
-1.8761904821509408,[-1.40000001],4,2.057674417568147,0.0,0.0,1.0
-2.114285720246179,[-1.40000001],4,1.9554467553348918,0.0,0.0,1.0
-2.352380958341417,[-6.40000001],-1,4,1,0,1
-1.6380952440557026,[-1.40000001],4,3.8977723377667446,0.0,0.0,1.0
-1.6380952440557026,[-1.40000001],4,3.795544675533489,0.0,0.0,1.0
-1.6380952440557026,[-1.40000001],4,3.6933170133002338,0.0,0.0,1.0
3.5999999940395355,[3.59999999],4,3.5910893510669784,0.0,0.0,1.0
3.5969229153328506,[3.34152538],4,3.4813986925098805,0.0,0.0,1.0
-1.6380952440557026,[-1.40000001],4,3.379171030276625,0.0,0.0,1.0
-2.114285720246179,[-1.40000001],4,3.2769433680433697,0.0,0.0,1.0
-1.6380952440557026,[-1.40000001],4,3.1747157058101143,0.0,0.0,1.0
-1.8783114617737706,[-1.57816229],4,3.0673439230126034,0.0,0.0,1.0
-1.9343524012867,[-2.28560121],4,2.93954610446838,0.0,0.0,1.0
0.7380495926947146,[0.19616628],4,2.8256584604270842,0.0,0.0,1.0
-1.8761904821509408,[-1.40000001],4,2.723430798193829,0.0,0.0,1.0
-1.8761904821509408,[-1.40000001],4,2.6212031359605734,0.0,0.0,1.0
-2.114285720246179,[-1.40000001],4,2.518975473727318,0.0,0.0,1.0
-1.6380952440557026,[-1.40000001],4,2.4167478114940626,0.0,0.0,1.0
3.5999999940395355,[3.59999999],4,2.314520149260807,0.0,0.0,1.0
-1.8761904821509408,[-1.40000001],4,2.2122924870275518,0.0,0.0,1.0
-1.6380952440557026,[-1.40000001],4,2.1100648247942964,0.0,0.0,1.0
-1.8761904821509408,[-1.40000001],4,2.007837162561041,0.0,0.0,1.0
3.5999999940395355,[3.59999999],4,1.9056095003277855,0.0,0.0,1.0
-1.6380952440557026,[-6.40000001],-1,4,1,0,1
-1.8761904821509408,[-1.40000001],4,3.8977723377667446,0.0,0.0,1.0
3.5999999940395355,[3.59999999],4,3.795544675533489,0.0,0.0,1.0
-2.114285720246179,[-1.40000001],4,3.6933170133002338,0.0,0.0,1.0
-1.8761904821509408,[-1.40000001],4,3.5910893510669784,0.0,0.0,1.0
-1.8761904821509408,[-1.40000001],4,3.488861688833723,0.0,0.0,1.0
3.5999999940395355,[3.59999999],4,3.3866340266004675,0.0,0.0,1.0
3.5999999940395355,[3.59999999],4,3.284406364367212,0.0,0.0,1.0
-2.114285720246179,[-1.40000001],4,3.1821787021339567,0.0,0.0,1.0
-1.8761904821509408,[-1.40000001],4,3.0799510399007013,0.0,0.0,1.0
-1.6380952440557026,[-1.40000001],4,2.977723377667446,0.0,0.0,1.0
-1.8761904821509408,[-1.40000001],4,2.8754957154341905,0.0,0.0,1.0
-1.6380952440557026,[-1.40000001],4,2.773268053200935,0.0,0.0,1.0
-1.6380952440557026,[-1.40000001],4,2.6710403909676796,0.0,0.0,1.0
-1.6380952440557026,[-1.40000001],4,2.5688127287344242,0.0,0.0,1.0
-1.6380952440557026,[-1.40000001],4,2.466585066501169,0.0,0.0,1.0
-2.0013326046799893,[-3.9119383],4,2.291829728123453,0.0,0.0,1.0
-8.315114044905878,[-9.26957928],4,2.164494514197127,0.0,0.0,1.0
-2.352380958341417,[-1.40000001],4,2.0622668519638716,0.0,0.0,1.0
-1.6380952440557026,[-1.40000001],4,1.9600391897306162,0.0,0.0,1.0
-2.121051031330781,[-6.70111838],-1,4,1,0,1
2.5406008839589793,[1.61047475],4,3.869201561719996,0.0,0.0,1.0
-1.8761904821509408,[-1.40000001],4,3.7669738994867408,0.0,0.0,1.0
-1.6380952440557026,[-1.40000001],4,3.6647462372534854,0.0,0.0,1.0
3.5999999940395355,[3.59999999],4,3.56251857502023,0.0,0.0,1.0
3.5999999940395355,[3.59999999],4,3.4602909127869745,0.0,0.0,1.0
3.5999999940395355,[3.59999999],4,3.358063250553719,0.0,0.0,1.0
-2.114285720246179,[-1.40000001],4,3.2558355883204637,0.0,0.0,1.0
-2.352380958341417,[-1.40000001],4,3.1536079260872083,0.0,0.0,1.0
-1.6380952440557026,[-1.40000001],4,3.051380263853953,0.0,0.0,1.0
-1.8761904821509408,[-1.40000001],4,2.9491526016206975,0.0,0.0,1.0
3.5999999940395355,[3.59999999],4,2.846924939387442,0.0,0.0,1.0
-1.6380952440557026,[-1.40000001],4,2.7446972771541867,0.0,0.0,1.0
-2.352380958341417,[-1.40000001],4,2.6424696149209312,0.0,0.0,1.0
-1.6380952440557026,[-1.40000001],4,2.540241952687676,0.0,0.0,1.0
3.5999999940395355,[3.59999999],4,2.4380142904544204,0.0,0.0,1.0
-1.8761904821509408,[-1.40000001],4,2.335786628221165,0.0,0.0,1.0
3.5999999940395355,[3.59999999],4,2.2335589659879096,0.0,0.0,1.0
-1.6380952440557026,[-1.40000001],4,2.131331303754654,0.0,0.0,1.0
-1.8761904821509408,[-1.40000001],4,2.0291036415213988,0.0,0.0,1.0
-1.8761904821509408,[-1.40000001],4,1.9268759792881434,0.0,0.0,1.0
-1.8761904821509408,[-6.40000001],-1,4,1,0,1
3.5999999940395355,[3.59999999],4,3.8977723377667446,0.0,0.0,1.0
-2.114285720246179,[-1.40000001],4,3.795544675533489,0.0,0.0,1.0
-1.6380952440557026,[-1.40000001],4,3.6933170133002338,0.0,0.0,1.0
3.5999999940395355,[3.59999999],4,3.5910893510669784,0.0,0.0,1.0
-2.114285720246179,[-1.40000001],4,3.488861688833723,0.0,0.0,1.0
-1.8761904821509408,[-1.40000001],4,3.3866340266004675,0.0,0.0,1.0
-1.8761904821509408,[-1.40000001],4,3.284406364367212,0.0,0.0,1.0
-1.6380952440557026,[-1.40000001],4,3.1821787021339567,0.0,0.0,1.0
-1.6380952440557026,[-1.40000001],4,3.0799510399007013,0.0,0.0,1.0
3.5999999940395355,[3.59999999],4,2.977723377667446,0.0,0.0,1.0
-1.6380952440557026,[-1.40000001],4,2.8754957154341905,0.0,0.0,1.0
-1.8761904821509408,[-1.40000001],4,2.773268053200935,0.0,0.0,1.0
-2.114285720246179,[-1.40000001],4,2.6710403909676796,0.0,0.0,1.0
-1.6380952440557026,[-1.40000001],4,2.5688127287344242,0.0,0.0,1.0
3.5999999940395355,[3.59999999],4,2.466585066501169,0.0,0.0,1.0
-1.6380952440557026,[-1.40000001],4,2.3643574042679134,0.0,0.0,1.0
-2.590476196436655,[-1.40000001],4,2.262129742034658,0.0,0.0,1.0
-1.6380952440557026,[-1.40000001],4,2.1599020798014026,0.0,0.0,1.0
-1.6380952440557026,[-1.40000001],4,2.057674417568147,0.0,0.0,1.0
-1.6380952440557026,[-1.40000001],4,1.9554467553348918,0.0,0.0,1.0
-1.8761904821509408,[-6.40000001],-1,4,1,0,1
3.5999999940395355,[3.59999999],4,3.8977723377667446,0.0,0.0,1.0
-1.8761904821509408,[-1.40000001],4,3.795544675533489,0.0,0.0,1.0
-1.8761904821509408,[-1.40000001],4,3.6933170133002338,0.0,0.0,1.0
-2.114285720246179,[-1.40000001],4,3.5910893510669784,0.0,0.0,1.0
-1.6380952440557026,[-1.40000001],4,3.488861688833723,0.0,0.0,1.0
-1.6380952440557026,[-1.40000001],4,3.3866340266004675,0.0,0.0,1.0
-1.6380952440557026,[-1.40000001],4,3.284406364367212,0.0,0.0,1.0
-1.6380952440557026,[-1.40000001],4,3.1821787021339567,0.0,0.0,1.0
-2.352380958341417,[-1.40000001],4,3.0799510399007013,0.0,0.0,1.0
-1.7641898626187384,[-3.99194797],4,2.902885570270371,0.0,0.0,1.0
-7.595599225270355,[-7.83033443],4,2.788232765470336,0.0,0.0,1.0
-1.6380952440557026,[-1.40000001],4,2.6860051032370804,0.0,0.0,1.0
-1.6380952440557026,[-1.40000001],4,2.583777441003825,0.0,0.0,1.0
-1.8761904821509408,[-1.40000001],4,2.4815497787705696,0.0,0.0,1.0
-1.8761904821509408,[-1.40000001],4,2.379322116537314,0.0,0.0,1.0
-1.6380952440557026,[-1.40000001],4,2.2770944543040588,0.0,0.0,1.0
-1.699593495057505,[-2.56585309],4,2.1412048676191295,0.0,0.0,1.0
-1.699593495057505,[-2.56585309],4,2.0053152809342003,0.0,0.0,1.0
2.5385017430377332,[1.43414691],4,1.869425694249271,0.0,0.0,1.0
-5.209523815484274,[-9.40000001],-1,4,1,0,1
-1.6380952440557026,[-1.40000001],4,3.8977723377667446,0.0,0.0,1.0
3.5999999940395355,[3.59999999],4,3.795544675533489,0.0,0.0,1.0
-2.114285720246179,[-1.40000001],4,3.6933170133002338,0.0,0.0,1.0
-1.6380952440557026,[-1.40000001],4,3.5910893510669784,0.0,0.0,1.0
-1.646577818492811,[-2.11253626],4,3.4682884726091894,0.0,0.0,1.0
-1.646577818492811,[-2.11253626],4,3.3454875941514004,0.0,0.0,1.0
-1.9338379661930285,[-2.24238867],4,3.2189374603132763,0.0,0.0,1.0
-4.975986088618974,[-4.78283095],4,3.105656233841838,0.0,0.0,1.0
-4.499795612428498,[-4.78283095],4,2.9923750073704,0.0,0.0,1.0
-1.6380952440557026,[-1.40000001],4,2.8901473451371444,0.0,0.0,1.0
-1.8761904821509408,[-1.40000001],4,2.787919682903889,0.0,0.0,1.0
-1.6380952440557026,[-1.40000001],4,2.6856920206706336,0.0,0.0,1.0
-1.6380952440557026,[-1.40000001],4,2.583464358437378,0.0,0.0,1.0
3.5999999940395355,[3.59999999],4,2.481236696204123,0.0,0.0,1.0
3.5999999940395355,[3.59999999],4,2.3790090339708674,0.0,0.0,1.0
-1.6380952440557026,[-1.40000001],4,2.276781371737612,0.0,0.0,1.0
-2.352380958341417,[-1.40000001],4,2.1745537095043566,0.0,0.0,1.0
3.5999999940395355,[3.59999999],4,2.072326047271101,0.0,0.0,1.0
-1.8761904821509408,[-1.40000001],4,1.9700983850378457,0.0,0.0,1.0
-2.114285720246179,[-6.40000001],-1,4,1,0,1
-1.6380952440557026,[-1.40000001],4,3.8977723377667446,0.0,0.0,1.0
-2.114285720246179,[-1.40000001],4,3.795544675533489,0.0,0.0,1.0
-1.6380952440557026,[-1.40000001],4,3.6933170133002338,0.0,0.0,1.0
-1.6380952440557026,[-1.40000001],4,3.5910893510669784,0.0,0.0,1.0
-2.114285720246179,[-1.40000001],4,3.488861688833723,0.0,0.0,1.0
-1.6380952440557026,[-1.40000001],4,3.3866340266004675,0.0,0.0,1.0
-1.6380952440557026,[-1.40000001],4,3.284406364367212,0.0,0.0,1.0
-1.6380952440557026,[-1.40000001],4,3.1821787021339567,0.0,0.0,1.0
-1.6380952440557026,[-1.40000001],4,3.0799510399007013,0.0,0.0,1.0
-1.8761904821509408,[-1.40000001],4,2.977723377667446,0.0,0.0,1.0
-1.6380952440557026,[-1.40000001],4,2.8754957154341905,0.0,0.0,1.0
-1.6380952440557026,[-1.40000001],4,2.773268053200935,0.0,0.0,1.0
-2.114285720246179,[-1.40000001],4,2.6710403909676796,0.0,0.0,1.0
3.5999999940395355,[3.59999999],4,2.5688127287344242,0.0,0.0,1.0
-1.6380952440557026,[-1.40000001],4,2.466585066501169,0.0,0.0,1.0
-2.352380958341417,[-1.40000001],4,2.3643574042679134,0.0,0.0,1.0
-1.6380952440557026,[-1.40000001],4,2.262129742034658,0.0,0.0,1.0
-1.8761904821509408,[-1.40000001],4,2.1599020798014026,0.0,0.0,1.0
3.5999999940395355,[3.59999999],4,2.057674417568147,0.0,0.0,1.0
-1.6380952440557026,[-1.40000001],4,1.9554467553348918,0.0,0.0,1.0
-1.6443800495018257,[-7.05990458],-1,4,1,0,1
-1.8805968997368292,[-1.86267385],4,4.288343420584008,0.0,0.0,1.0
-1.6388496457779267,[-1.47921219],4,4.265315134995129,0.0,0.0,1.0
3.592723229739657,[2.83593974],4,4.737752568228108,0.0,0.0,1.0
-1.8761904821509408,[-1.40000001],4,4.635524905994853,0.0,0.0,1.0
-1.8761904821509408,[-1.40000001],4,4.533297243761597,0.0,0.0,1.0
-1.8761904821509408,[-1.40000001],4,4.431069581528341,0.0,0.0,1.0
-1.8761904821509408,[-1.40000001],4,4.328841919295085,0.0,0.0,1.0
-1.6380952440557026,[-1.40000001],4,4.226614257061829,0.0,0.0,1.0
3.5999999940395355,[3.59999999],4,4.124386594828573,0.0,0.0,1.0
3.5999999940395355,[3.59999999],4,4.0221589325953175,0.0,0.0,1.0
-2.114285720246179,[-1.40000001],4,3.919931270362062,0.0,0.0,1.0
3.5999999940395355,[3.59999999],4,3.8177036081288067,0.0,0.0,1.0
-1.8761904821509408,[-1.40000001],4,3.7154759458955513,0.0,0.0,1.0
-2.114285720246179,[-1.40000001],4,3.613248283662296,0.0,0.0,1.0
-1.8761904821509408,[-1.40000001],4,3.5110206214290405,0.0,0.0,1.0
3.5999999940395355,[3.59999999],4,3.408792959195785,0.0,0.0,1.0
-1.6380952440557026,[-1.40000001],4,3.3065652969625297,0.0,0.0,1.0
-1.8761904821509408,[-1.40000001],4,3.2043376347292742,0.0,0.0,1.0
-1.6380952440557026,[-1.40000001],4,3.102109972496019,0.0,0.0,1.0
-1.6380952440557026,[-1.40000001],4,2.9998823102627634,0.0,0.0,1.0
3.5999999940395355,[3.59999999],4,2.897654648029508,0.0,0.0,1.0
-1.6380952440557026,[-1.40000001],4,2.7954269857962526,0.0,0.0,1.0
-1.6380952440557026,[-1.40000001],4,2.693199323562997,0.0,0.0,1.0
-2.114285720246179,[-1.40000001],4,2.5909716613297418,0.0,0.0,1.0
-1.6380952440557026,[-1.40000001],4,2.4887439990964864,0.0,0.0,1.0
-2.352380958341417,[-1.40000001],4,2.386516336863231,0.0,0.0,1.0
3.596662404931897,[3.31964251],4,2.2761938492111766,0.0,0.0,1.0
-1.6380952440557026,[-1.40000001],4,2.173966186977921,0.0,0.0,1.0
-2.114285720246179,[-1.40000001],4,2.071738524744666,0.0,0.0,1.0
3.5999999940395355,[3.59999999],4,1.9695108625114104,0.0,0.0,1.0
-1.6380952440557026,[-6.40000001],-1,4,1,0,1
-2.114285720246179,[-1.40000001],4,3.8977723377667446,0.0,0.0,1.0
-1.7016559315886368,[-2.73909776],4,3.7568806245727395,0.0,0.0,1.0
-4.733333339293798,[-4.40000001],4,3.654652962339484,0.0,0.0,1.0
0.7428571368966788,[0.59999999],4,3.5524253001062287,0.0,0.0,1.0
3.5999999940395355,[3.59999999],4,3.4501976378729733,0.0,0.0,1.0
-1.8761904821509408,[-1.40000001],4,3.347969975639718,0.0,0.0,1.0
3.5999999940395355,[3.59999999],4,3.2457423134064625,0.0,0.0,1.0
-1.6380952440557026,[-1.40000001],4,3.143514651173207,0.0,0.0,1.0
-1.6380952440557026,[-1.40000001],4,3.0412869889399516,0.0,0.0,1.0
-2.590476196436655,[-1.40000001],4,2.9390593267066962,0.0,0.0,1.0
-2.122756209643372,[-2.11152112],4,2.8162877586948816,0.0,0.0,1.0
3.5915295046423426,[2.88847888],4,2.693516190683067,0.0,0.0,1.0
-2.352380958341417,[-1.40000001],4,2.5912885284498115,0.0,0.0,1.0
-1.8761904821509408,[-1.40000001],4,2.489060866216556,0.0,0.0,1.0
-1.6380952440557026,[-1.40000001],4,2.3868332039833007,0.0,0.0,1.0
3.5999999940395355,[3.59999999],4,2.2846055417500453,0.0,0.0,1.0
3.5999999940395355,[3.59999999],4,2.18237787951679,0.0,0.0,1.0
-1.6380952440557026,[-1.40000001],4,2.0801502172835344,0.0,0.0,1.0
3.5999999940395355,[3.59999999],4,1.977922555050279,0.0,0.0,1.0
-1.8761904821509408,[-6.40000001],-1,4,1,0,1
-1.6380952440557026,[-1.40000001],4,3.8977723377667446,0.0,0.0,1.0
-1.6380952440557026,[-1.40000001],4,3.795544675533489,0.0,0.0,1.0
-1.6380952440557026,[-1.40000001],4,3.6933170133002338,0.0,0.0,1.0
3.5999999940395355,[3.59999999],4,3.5910893510669784,0.0,0.0,1.0
-2.114285720246179,[-1.40000001],4,3.488861688833723,0.0,0.0,1.0
-2.114285720246179,[-1.40000001],4,3.3866340266004675,0.0,0.0,1.0
3.5999999940395355,[3.59999999],4,3.284406364367212,0.0,0.0,1.0
-2.114285720246179,[-1.40000001],4,3.1821787021339567,0.0,0.0,1.0
3.5999999940395355,[3.59999999],4,3.0799510399007013,0.0,0.0,1.0
-1.8761904821509408,[-1.40000001],4,2.977723377667446,0.0,0.0,1.0
-1.8761904821509408,[-1.40000001],4,2.8754957154341905,0.0,0.0,1.0
3.5999999940395355,[3.59999999],4,2.773268053200935,0.0,0.0,1.0
3.5999999940395355,[3.59999999],4,2.6710403909676796,0.0,0.0,1.0
-1.6380952440557026,[-1.40000001],4,2.5688127287344242,0.0,0.0,1.0
-1.6380952440557026,[-1.40000001],4,2.466585066501169,0.0,0.0,1.0
-1.8761904821509408,[-1.40000001],4,2.3643574042679134,0.0,0.0,1.0
-1.8761904821509408,[-1.40000001],4,2.262129742034658,0.0,0.0,1.0
3.5977195294159436,[3.40844097],4,2.1543711521346083,0.0,0.0,1.0
-1.6380952440557026,[-1.40000001],4,2.052143489901353,0.0,0.0,1.0
-1.6424802002601433,[-1.76833633],4,1.9392807698391978,0.0,0.0,1.0
-2.114285720246179,[-6.40000001],-1,4,1,0,1
-1.6380952440557026,[-1.40000001],4,3.8977723377667446,0.0,0.0,1.0
3.5949479242942672,[3.17562614],4,3.783291633613949,0.0,0.0,1.0
-1.6380952440557026,[-1.40000001],4,3.6810639713806936,0.0,0.0,1.0
-2.590476196436655,[-1.40000001],4,3.578836309147438,0.0,0.0,1.0
-2.114285720246179,[-1.40000001],4,3.476608646914183,0.0,0.0,1.0
-1.8761904821509408,[-1.40000001],4,3.3743809846809274,0.0,0.0,1.0
-2.114285720246179,[-1.40000001],4,3.272153322447672,0.0,0.0,1.0
-1.8761904821509408,[-1.40000001],4,3.1699256602144166,0.0,0.0,1.0
3.5999999940395355,[3.59999999],4,3.067697997981161,0.0,0.0,1.0
-1.6380952440557026,[-1.40000001],4,2.9654703357479058,0.0,0.0,1.0
-1.6380952440557026,[-1.40000001],4,2.8632426735146503,0.0,0.0,1.0
2.542767851013773,[1.79249998],4,2.7376998866920945,0.0,0.0,1.0
-5.708483894884406,[-7.31264668],4,2.580247992414715,0.0,0.0,1.0
0.7172885938588534,[-1.54775762],4,2.4160077004250335,0.0,0.0,1.0
-7.590690726974298,[-7.41802057],4,2.3132597262380155,0.0,0.0,1.0
-2.590476196436655,[-1.40000001],4,2.21103206400476,0.0,0.0,1.0
3.5999999940395355,[3.59999999],4,2.1088044017715046,0.0,0.0,1.0
-1.8761904821509408,[-1.40000001],4,2.006576739538249,0.0,0.0,1.0
-1.8761904821509408,[-1.40000001],4,1.9043490773049938,0.0,0.0,1.0
-2.114285720246179,[-6.40000001],-1,4,1,0,1
-1.6380952440557026,[-1.40000001],4,3.8977723377667446,0.0,0.0,1.0
3.5999999940395355,[3.59999999],4,3.795544675533489,0.0,0.0,1.0
-1.64260910921812,[-1.77916468],4,3.682369306071034,0.0,0.0,1.0
-1.8786081394500416,[-1.60308322],4,3.5742779757860297,0.0,0.0,1.0
3.5975823367404347,[3.39691678],4,3.4661866455010255,0.0,0.0,1.0
-2.114285720246179,[-1.40000001],4,3.36395898326777,0.0,0.0,1.0
-1.8761904821509408,[-1.40000001],4,3.2617313210345147,0.0,0.0,1.0
3.5999999940395355,[3.59999999],4,3.1595036588012593,0.0,0.0,1.0
-1.6380952440557026,[-1.40000001],4,3.057275996568004,0.0,0.0,1.0
-1.8761904821509408,[-1.40000001],4,2.9550483343347484,0.0,0.0,1.0
-2.114285720246179,[-1.40000001],4,2.852820672101493,0.0,0.0,1.0
-1.6380952440557026,[-1.40000001],4,2.7505930098682376,0.0,0.0,1.0
-1.6380952440557026,[-1.40000001],4,2.648365347634982,0.0,0.0,1.0
-1.6380952440557026,[-1.40000001],4,2.546137685401727,0.0,0.0,1.0
-1.6380952440557026,[-1.40000001],4,2.4439100231684714,0.0,0.0,1.0
-1.6380952440557026,[-1.40000001],4,2.341682360935216,0.0,0.0,1.0
-1.8761904821509408,[-1.40000001],4,2.2394546987019606,0.0,0.0,1.0
3.5999999940395355,[3.59999999],4,2.137227036468705,0.0,0.0,1.0
3.5999999940395355,[3.59999999],4,2.0349993742354497,0.0,0.0,1.0
-2.114285720246179,[-1.40000001],4,1.9327717120021943,0.0,0.0,1.0
-1.6380952440557026,[-6.40000001],-1,4,1,0,1
-1.8761904821509408,[-1.40000001],4,3.8977723377667446,0.0,0.0,1.0
-1.6380952440557026,[-1.40000001],4,3.795544675533489,0.0,0.0,1.0
-1.8761904821509408,[-1.40000001],4,3.6933170133002338,0.0,0.0,1.0
-1.8761904821509408,[-1.40000001],4,3.5910893510669784,0.0,0.0,1.0
-1.9352181893567852,[-2.35832741],4,3.4611916943160836,0.0,0.0,1.0
-4.499072989905137,[-4.72213066],4,3.349663080754928,0.0,0.0,1.0
3.5999999940395355,[3.59999999],4,3.2474354185216727,0.0,0.0,1.0
-1.6380952440557026,[-1.40000001],4,3.1452077562884173,0.0,0.0,1.0
-1.6380952440557026,[-1.40000001],4,3.042980094055162,0.0,0.0,1.0
-1.8761904821509408,[-1.40000001],4,2.9407524318219065,0.0,0.0,1.0
-1.8761904821509408,[-1.40000001],4,2.838524769588651,0.0,0.0,1.0
3.5999999940395355,[3.59999999],4,2.7362971073553957,0.0,0.0,1.0
-1.6380952440557026,[-1.40000001],4,2.6340694451221403,0.0,0.0,1.0
-1.8761904821509408,[-1.40000001],4,2.531841782888885,0.0,0.0,1.0
-1.8761904821509408,[-1.40000001],4,2.4296141206556294,0.0,0.0,1.0
-1.6380952440557026,[-1.40000001],4,2.327386458422374,0.0,0.0,1.0
-1.6380952440557026,[-1.40000001],4,2.2251587961891186,0.0,0.0,1.0
-2.114285720246179,[-1.40000001],4,2.122931133955863,0.0,0.0,1.0
-1.8761904821509408,[-1.40000001],4,2.020703471722608,0.0,0.0,1.0
-1.6380952440557026,[-1.40000001],4,1.9184758094893524,0.0,0.0,1.0
-1.6380952440557026,[-6.40000001],-1,4,1,0,1
-1.6949539788958252,[-2.17613373],4,3.875362858467562,0.0,0.0,1.0
-1.6949539788958252,[-2.17613373],4,3.750725716935124,0.0,0.0,1.0
0.7356119921710595,[-0.00859216],4,3.6309260382285315,0.0,0.0,1.0
-4.978673722114655,[-5.00859216],4,3.5111263595219393,0.0,0.0,1.0
-4.502483245924179,[-5.00859216],4,3.391326680815347,0.0,0.0,1.0
-4.740578484019418,[-5.00859216],4,3.271527002108755,0.0,0.0,1.0
-2.114285720246179,[-1.40000001],4,3.1692993398754994,0.0,0.0,1.0
-2.114285720246179,[-1.40000001],4,3.067071677642244,0.0,0.0,1.0
3.5999999940395355,[3.59999999],4,2.9648440154089886,0.0,0.0,1.0
-1.8772908170082692,[-1.49242813],4,2.8599476545312457,0.0,0.0,1.0
-1.6380952440557026,[-1.40000001],4,2.7577199922979903,0.0,0.0,1.0
3.5999999940395355,[3.59999999],4,2.655492330064735,0.0,0.0,1.0
-1.8815553745053797,[-1.85065096],4,2.540252921508025,0.0,0.0,1.0
-2.114285720246179,[-1.40000001],4,2.4380252592747698,0.0,0.0,1.0
-1.6380952440557026,[-1.40000001],4,2.3357975970415144,0.0,0.0,1.0
-1.8761904821509408,[-1.40000001],4,2.233569934808259,0.0,0.0,1.0
3.5999999940395355,[3.59999999],4,2.1313422725750035,0.0,0.0,1.0
-1.6380952440557026,[-1.40000001],4,2.029114610341748,0.0,0.0,1.0
-1.8761904821509408,[-1.40000001],4,1.9268869481084927,0.0,0.0,1.0
-1.8761904821509408,[-6.40000001],-1,4,1,0,1
3.5999999940395355,[3.59999999],4,3.8977723377667446,0.0,0.0,1.0
3.5999999940395355,[3.59999999],4,3.795544675533489,0.0,0.0,1.0
-1.8761904821509408,[-1.40000001],4,3.6933170133002338,0.0,0.0,1.0
-1.8761904821509408,[-1.40000001],4,3.5910893510669784,0.0,0.0,1.0
-2.352380958341417,[-1.40000001],4,3.488861688833723,0.0,0.0,1.0
-2.114285720246179,[-1.40000001],4,3.3866340266004675,0.0,0.0,1.0
3.5999999940395355,[3.59999999],4,3.284406364367212,0.0,0.0,1.0
3.5999999940395355,[3.59999999],4,3.1821787021339567,0.0,0.0,1.0
3.5999999940395355,[3.59999999],4,3.0799510399007013,0.0,0.0,1.0
-2.114285720246179,[-1.40000001],4,2.977723377667446,0.0,0.0,1.0
-1.8761904821509408,[-1.40000001],4,2.8754957154341905,0.0,0.0,1.0
-2.114285720246179,[-1.40000001],4,2.773268053200935,0.0,0.0,1.0
3.5999999940395355,[3.59999999],4,2.6710403909676796,0.0,0.0,1.0
-1.6380952440557026,[-1.40000001],4,2.5688127287344242,0.0,0.0,1.0
-1.6380952440557026,[-1.40000001],4,2.466585066501169,0.0,0.0,1.0
-1.8802982090546327,[-1.74504907],4,2.354394724663591,0.0,0.0,1.0
3.5999999940395355,[3.59999999],4,2.2521670624303356,0.0,0.0,1.0
3.5999999940395355,[3.59999999],4,2.14993940019708,0.0,0.0,1.0
-1.8761904821509408,[-1.40000001],4,2.0477117379638248,0.0,0.0,1.0
-1.8761904821509408,[-1.40000001],4,1.9454840757305694,0.0,0.0,1.0
-1.6380952440557026,[-6.40000001],-1,4,1,0,1
-2.114285720246179,[-1.40000001],4,3.8977723377667446,0.0,0.0,1.0
-1.6380952440557026,[-1.40000001],4,3.795544675533489,0.0,0.0,1.0
-1.6380952440557026,[-1.40000001],4,3.6933170133002338,0.0,0.0,1.0
-1.8761904821509408,[-1.40000001],4,3.5910893510669784,0.0,0.0,1.0
3.5999999940395355,[3.59999999],4,3.488861688833723,0.0,0.0,1.0
-1.6380952440557026,[-1.40000001],4,3.3866340266004675,0.0,0.0,1.0
-1.8761904821509408,[-1.40000001],4,3.284406364367212,0.0,0.0,1.0
-1.8761904821509408,[-1.40000001],4,3.1821787021339567,0.0,0.0,1.0
-1.6380952440557026,[-1.40000001],4,3.0799510399007013,0.0,0.0,1.0
-1.8761904821509408,[-1.40000001],4,2.977723377667446,0.0,0.0,1.0
-1.6380952440557026,[-1.40000001],4,2.8754957154341905,0.0,0.0,1.0
-1.8761904821509408,[-1.40000001],4,2.773268053200935,0.0,0.0,1.0
3.5999999940395355,[3.59999999],4,2.6710403909676796,0.0,0.0,1.0
-2.114285720246179,[-1.40000001],4,2.5688127287344242,0.0,0.0,1.0
3.5999999940395355,[3.59999999],4,2.466585066501169,0.0,0.0,1.0
-1.6380952440557026,[-1.40000001],4,2.3643574042679134,0.0,0.0,1.0
-1.8761904821509408,[-1.40000001],4,2.262129742034658,0.0,0.0,1.0
3.5999999940395355,[3.59999999],4,2.1599020798014026,0.0,0.0,1.0
-2.114285720246179,[-1.40000001],4,2.057674417568147,0.0,0.0,1.0
3.5999999940395355,[3.59999999],4,1.9554467553348918,0.0,0.0,1.0
-1.8761904821509408,[-6.40000001],-1,4,1,0,1
-2.114285720246179,[-1.40000001],4,3.8977723377667446,0.0,0.0,1.0
-2.114285720246179,[-1.40000001],4,3.795544675533489,0.0,0.0,1.0
3.5999999940395355,[3.59999999],4,3.6933170133002338,0.0,0.0,1.0
3.5999999940395355,[3.59999999],4,3.5910893510669784,0.0,0.0,1.0
-1.8761904821509408,[-1.40000001],4,3.488861688833723,0.0,0.0,1.0
-1.6380952440557026,[-1.40000001],4,3.3866340266004675,0.0,0.0,1.0
-1.8761904821509408,[-1.40000001],4,3.284406364367212,0.0,0.0,1.0
-1.8761904821509408,[-1.40000001],4,3.1821787021339567,0.0,0.0,1.0
-1.8761904821509408,[-1.40000001],4,3.0799510399007013,0.0,0.0,1.0
-1.6380952440557026,[-1.40000001],4,2.977723377667446,0.0,0.0,1.0
-1.6380952440557026,[-1.40000001],4,2.8754957154341905,0.0,0.0,1.0
3.5999999940395355,[3.59999999],4,2.773268053200935,0.0,0.0,1.0
-2.352380958341417,[-1.40000001],4,2.6710403909676796,0.0,0.0,1.0
-1.8783541157623134,[-1.58174523],4,2.5635651572767784,0.0,0.0,1.0
3.593216087960615,[3.03015188],4,2.4448841436622395,0.0,0.0,1.0
-1.6380952440557026,[-1.40000001],4,2.342656481428984,0.0,0.0,1.0
-1.6995012113858188,[-2.55810126],4,2.2069907147933425,0.0,0.0,1.0
-4.971428577389036,[-4.40000001],4,2.104763052560087,0.0,0.0,1.0
-1.8761904821509408,[-1.40000001],4,2.0025353903268317,0.0,0.0,1.0
3.5999999940395355,[3.59999999],4,1.9003077280935763,0.0,0.0,1.0
-2.114285720246179,[-6.40000001],-1,4,1,0,1
-1.6380952440557026,[-1.40000001],4,3.8977723377667446,0.0,0.0,1.0
-1.8761904821509408,[-1.40000001],4,3.795544675533489,0.0,0.0,1.0
-1.646186028873293,[-2.07962593],4,3.673694023865221,0.0,0.0,1.0
-1.6380952440557026,[-1.40000001],4,3.5714663616319657,0.0,0.0,1.0
3.597702909148929,[3.44799588],4,3.463667461751413,0.0,0.0,1.0
3.5999999940395355,[3.59999999],4,3.3614397995181577,0.0,0.0,1.0
-1.6380952440557026,[-1.40000001],4,3.2592121372849023,0.0,0.0,1.0
-1.8761904821509408,[-1.40000001],4,3.156984475051647,0.0,0.0,1.0
-1.8761904821509408,[-1.40000001],4,3.0547568128183915,0.0,0.0,1.0
3.5999999940395355,[3.59999999],4,2.952529150585136,0.0,0.0,1.0
3.5999999940395355,[3.59999999],4,2.8503014883518807,0.0,0.0,1.0
-2.352380958341417,[-1.40000001],4,2.7480738261186253,0.0,0.0,1.0
-1.6380952440557026,[-1.40000001],4,2.64584616388537,0.0,0.0,1.0
-1.8761904821509408,[-1.40000001],4,2.5436185016521144,0.0,0.0,1.0
-2.352380958341417,[-1.40000001],4,2.441390839418859,0.0,0.0,1.0
-1.6380952440557026,[-1.40000001],4,2.3391631771856036,0.0,0.0,1.0
-1.8761904821509408,[-1.40000001],4,2.236935514952348,0.0,0.0,1.0
-1.8761904821509408,[-1.40000001],4,2.134707852719093,0.0,0.0,1.0
-1.6380952440557026,[-1.40000001],4,2.0324801904858374,0.0,0.0,1.0
-1.6380952440557026,[-1.40000001],4,1.930252528252582,0.0,0.0,1.0
-1.6380952440557026,[-6.40000001],-1,4,1,0,1
3.5999999940395355,[3.59999999],4,3.8977723377667446,0.0,0.0,1.0
-1.6380952440557026,[-1.40000001],4,3.795544675533489,0.0,0.0,1.0
-1.6380952440557026,[-1.40000001],4,3.6933170133002338,0.0,0.0,1.0
-1.8761904821509408,[-1.40000001],4,3.5910893510669784,0.0,0.0,1.0
-2.114285720246179,[-1.40000001],4,3.488861688833723,0.0,0.0,1.0
-1.8761904821509408,[-1.40000001],4,3.3866340266004675,0.0,0.0,1.0
3.5999999940395355,[3.59999999],4,3.284406364367212,0.0,0.0,1.0
-2.114285720246179,[-1.40000001],4,3.1821787021339567,0.0,0.0,1.0
3.5999999940395355,[3.59999999],4,3.0799510399007013,0.0,0.0,1.0
-1.6380952440557026,[-1.40000001],4,2.977723377667446,0.0,0.0,1.0
-1.6380952440557026,[-1.40000001],4,2.8754957154341905,0.0,0.0,1.0
3.5999999940395355,[3.59999999],4,2.773268053200935,0.0,0.0,1.0
-1.8761904821509408,[-1.40000001],4,2.6710403909676796,0.0,0.0,1.0
3.5999999940395355,[3.59999999],4,2.5688127287344242,0.0,0.0,1.0
-1.6380952440557026,[-1.40000001],4,2.466585066501169,0.0,0.0,1.0
-2.114285720246179,[-1.40000001],4,2.3643574042679134,0.0,0.0,1.0
-1.8786600291179991,[-1.60744195],4,2.2561402233289174,0.0,0.0,1.0
-1.694626105889958,[-2.1485924],4,2.132298288395179,0.0,0.0,1.0
-4.495238101198559,[-4.40000001],4,2.0300706261619235,0.0,0.0,1.0
-1.6380952440557026,[-1.40000001],4,1.927842963928668,0.0,0.0,1.0
-2.114285720246179,[-6.40000001],-1,4,1,0,1
-2.114285720246179,[-1.40000001],4,3.8977723377667446,0.0,0.0,1.0
-1.6380952440557026,[-1.40000001],4,3.795544675533489,0.0,0.0,1.0
-1.6381104996061895,[-1.40128147],4,3.6932800132281476,0.0,0.0,1.0
-1.638287935638789,[-1.4161861],4,3.5905850061810627,0.0,0.0,1.0
-1.8761904821509408,[-1.40000001],4,3.4883573439478073,0.0,0.0,1.0
-1.6380952440557026,[-1.40000001],4,3.386129681714552,0.0,0.0,1.0
-1.8761904821509408,[-1.40000001],4,3.2839020194812965,0.0,0.0,1.0
-1.6380952440557026,[-1.40000001],4,3.181674357248041,0.0,0.0,1.0
-1.8761904821509408,[-1.40000001],4,3.0794466950147856,0.0,0.0,1.0
-1.694359433948509,[-2.12619196],4,2.9562515327327317,0.0,0.0,1.0
0.7426648860880896,[0.58385093],4,2.8535575947187204,0.0,0.0,1.0
-1.704418829516213,[-2.30007708],4,2.7059648937768346,0.0,0.0,1.0
-4.733333339293798,[-4.40000001],4,2.603737231543579,0.0,0.0,1.0
-1.8761904821509408,[-1.40000001],4,2.5015095693103238,0.0,0.0,1.0
-1.8761904821509408,[-1.40000001],4,2.3992819070770683,0.0,0.0,1.0
-1.6380952440557026,[-1.40000001],4,2.297054244843813,0.0,0.0,1.0
-1.6380952440557026,[-1.40000001],4,2.1948265826105575,0.0,0.0,1.0
3.5999999940395355,[3.59999999],4,2.092598920377302,0.0,0.0,1.0
-2.114285720246179,[-1.40000001],4,1.9903712581440467,0.0,0.0,1.0
-1.8761904821509408,[-6.40000001],-1,4,1,0,1
-1.6380952440557026,[-1.40000001],4,3.8977723377667446,0.0,0.0,1.0
-1.6398857596060592,[-1.55040331],4,3.791202046349298,0.0,0.0,1.0
-1.8779809977012973,[-1.55040331],4,3.6846317549318512,0.0,0.0,1.0
3.5999999940395355,[3.59999999],4,3.582404092698596,0.0,0.0,1.0
-1.8761904821509408,[-1.40000001],4,3.4801764304653404,0.0,0.0,1.0
-1.6949696208041196,[-2.17744765],4,3.3555013518405756,0.0,0.0,1.0
-4.495238101198559,[-4.40000001],4,3.25327368960732,0.0,0.0,1.0
-2.114285720246179,[-1.40000001],4,3.151046027374065,0.0,0.0,1.0
-2.114285720246179,[-1.40000001],4,3.0488183651408094,0.0,0.0,1.0
3.5999999940395355,[3.59999999],4,2.946590702907554,0.0,0.0,1.0
-1.6380952440557026,[-1.40000001],4,2.8443630406742986,0.0,0.0,1.0
-1.6380952440557026,[-1.40000001],4,2.742135378441043,0.0,0.0,1.0
-1.6380952440557026,[-1.40000001],4,2.6399077162077877,0.0,0.0,1.0
-1.8761904821509408,[-1.40000001],4,2.5376800539745323,0.0,0.0,1.0
-1.6380952440557026,[-1.40000001],4,2.435452391741277,0.0,0.0,1.0
3.5999999940395355,[3.59999999],4,2.3332247295080215,0.0,0.0,1.0
-1.6380952440557026,[-1.40000001],4,2.230997067274766,0.0,0.0,1.0
-1.8761904821509408,[-1.40000001],4,2.1287694050415107,0.0,0.0,1.0
-2.114285720246179,[-1.40000001],4,2.0265417428082553,0.0,0.0,1.0
-1.8761904821509408,[-1.40000001],4,1.9243140805749999,0.0,0.0,1.0
-1.6380952440557026,[-6.40000001],-1,4,1,0,1
3.5999999940395355,[3.59999999],4,3.8977723377667446,0.0,0.0,1.0
-2.114285720246179,[-1.40000001],4,3.795544675533489,0.0,0.0,1.0
-1.8761904821509408,[-1.40000001],4,3.6933170133002338,0.0,0.0,1.0
-2.114285720246179,[-1.40000001],4,3.5910893510669784,0.0,0.0,1.0
3.596739687547307,[3.32613425],4,3.480954300862121,0.0,0.0,1.0
2.539584708969508,[1.52511605],4,3.3476912839143704,0.0,0.0,1.0
-4.77069035346113,[-7.5379892],4,3.1548598880318743,0.0,0.0,1.0
-4.058037835982531,[-7.67517773],4,2.958067429500078,0.0,0.0,1.0
-8.557233157774604,[-9.60758476],4,2.8209729162763235,0.0,0.0,1.0
-4.735938242993805,[-4.61881192],4,2.712427447763283,0.0,0.0,1.0
-1.8761904821509408,[-1.40000001],4,2.6101997855300274,0.0,0.0,1.0
3.5999999940395355,[3.59999999],4,2.507972123296772,0.0,0.0,1.0
-1.8761904821509408,[-1.40000001],4,2.4057444610635166,0.0,0.0,1.0
-2.352380958341417,[-1.40000001],4,2.303516798830261,0.0,0.0,1.0
-1.8761904821509408,[-1.40000001],4,2.2012891365970058,0.0,0.0,1.0
-1.6380952440557026,[-1.40000001],4,2.0990614743637503,0.0,0.0,1.0
-1.8761904821509408,[-1.40000001],4,1.996833812130495,0.0,0.0,1.0
-1.6380952440557026,[-6.40000001],-1,4,1,0,1
3.5999999940395355,[3.59999999],4,3.8977723377667446,0.0,0.0,1.0
3.5999999940395355,[3.59999999],4,3.795544675533489,0.0,0.0,1.0
-1.6380952440557026,[-1.40000001],4,3.6933170133002338,0.0,0.0,1.0
-2.114285720246179,[-1.40000001],4,3.5910893510669784,0.0,0.0,1.0
3.5999999940395355,[3.59999999],4,3.488861688833723,0.0,0.0,1.0
3.5999999940395355,[3.59999999],4,3.3866340266004675,0.0,0.0,1.0
-1.8761904821509408,[-1.40000001],4,3.284406364367212,0.0,0.0,1.0
-1.8761904821509408,[-1.40000001],4,3.1821787021339567,0.0,0.0,1.0
-2.114285720246179,[-1.40000001],4,3.0799510399007013,0.0,0.0,1.0
3.5999999940395355,[3.59999999],4,2.977723377667446,0.0,0.0,1.0
3.5999999940395355,[3.59999999],4,2.8754957154341905,0.0,0.0,1.0
-1.8761904821509408,[-1.40000001],4,2.773268053200935,0.0,0.0,1.0
-1.8761904821509408,[-1.40000001],4,2.6710403909676796,0.0,0.0,1.0
-1.8761904821509408,[-1.40000001],4,2.5688127287344242,0.0,0.0,1.0
-2.590476196436655,[-1.40000001],4,2.466585066501169,0.0,0.0,1.0
-1.6380952440557026,[-1.40000001],4,2.3643574042679134,0.0,0.0,1.0
-1.8761904821509408,[-1.40000001],4,2.262129742034658,0.0,0.0,1.0
3.5999999940395355,[3.59999999],4,2.1599020798014026,0.0,0.0,1.0
-1.6380952440557026,[-1.40000001],4,2.057674417568147,0.0,0.0,1.0
-1.6380952440557026,[-1.40000001],4,1.9554467553348918,0.0,0.0,1.0
-2.114285720246179,[-6.40000001],-1,4,1,0,1
-1.6380952440557026,[-1.40000001],4,3.8977723377667446,0.0,0.0,1.0
3.5999999940395355,[3.59999999],4,3.795544675533489,0.0,0.0,1.0
-1.6380952440557026,[-1.40000001],4,3.6933170133002338,0.0,0.0,1.0
3.5999999940395355,[3.59999999],4,3.5910893510669784,0.0,0.0,1.0
-1.8761904821509408,[-1.40000001],4,3.488861688833723,0.0,0.0,1.0
-1.6380952440557026,[-1.40000001],4,3.3866340266004675,0.0,0.0,1.0
-2.114285720246179,[-1.40000001],4,3.284406364367212,0.0,0.0,1.0
-1.6380952440557026,[-1.40000001],4,3.1821787021339567,0.0,0.0,1.0
3.5999999940395355,[3.59999999],4,3.0799510399007013,0.0,0.0,1.0
-1.8761904821509408,[-1.40000001],4,2.977723377667446,0.0,0.0,1.0
-1.8761904821509408,[-1.40000001],4,2.8754957154341905,0.0,0.0,1.0
-1.8761904821509408,[-1.40000001],4,2.773268053200935,0.0,0.0,1.0
3.5999999940395355,[3.59999999],4,2.6710403909676796,0.0,0.0,1.0
3.5999999940395355,[3.59999999],4,2.5688127287344242,0.0,0.0,1.0
-2.114285720246179,[-1.40000001],4,2.466585066501169,0.0,0.0,1.0
-1.8761904821509408,[-1.40000001],4,2.3643574042679134,0.0,0.0,1.0
-2.114285720246179,[-1.40000001],4,2.262129742034658,0.0,0.0,1.0
-1.8761904821509408,[-1.40000001],4,2.1599020798014026,0.0,0.0,1.0
3.5999999940395355,[3.59999999],4,2.057674417568147,0.0,0.0,1.0
-1.6380952440557026,[-1.40000001],4,1.9554467553348918,0.0,0.0,1.0
-1.8761904821509408,[-6.40000001],-1,4,1,0,1
-2.114285720246179,[-1.40000001],4,3.8977723377667446,0.0,0.0,1.0
-1.8761904821509408,[-1.40000001],4,3.795544675533489,0.0,0.0,1.0
3.5999999940395355,[3.59999999],4,3.6933170133002338,0.0,0.0,1.0
-1.6380952440557026,[-1.40000001],4,3.5910893510669784,0.0,0.0,1.0
3.5999999940395355,[3.59999999],4,3.488861688833723,0.0,0.0,1.0
-1.6380952440557026,[-1.40000001],4,3.3866340266004675,0.0,0.0,1.0
-1.6380952440557026,[-1.40000001],4,3.284406364367212,0.0,0.0,1.0
-1.8761904821509408,[-1.40000001],4,3.1821787021339567,0.0,0.0,1.0
-1.8761904821509408,[-1.40000001],4,3.0799510399007013,0.0,0.0,1.0
-1.8761904821509408,[-1.40000001],4,2.977723377667446,0.0,0.0,1.0
-1.6380952440557026,[-1.40000001],4,2.8754957154341905,0.0,0.0,1.0
-1.6380952440557026,[-1.40000001],4,2.773268053200935,0.0,0.0,1.0
3.5999999940395355,[3.59999999],4,2.6710403909676796,0.0,0.0,1.0
-1.6380952440557026,[-1.40000001],4,2.5688127287344242,0.0,0.0,1.0
-2.114285720246179,[-1.40000001],4,2.466585066501169,0.0,0.0,1.0
-1.6380952440557026,[-1.40000001],4,2.3643574042679134,0.0,0.0,1.0
-1.8771577719791483,[-1.48125235],4,2.259783724317702,0.0,0.0,1.0
-1.6390625338839102,[-1.48125235],4,2.1552100443674904,0.0,0.0,1.0
3.5999999940395355,[3.59999999],4,2.052982382134235,0.0,0.0,1.0
3.5999999940395355,[3.59999999],4,1.9507547199009796,0.0,0.0,1.0
-1.6380952440557026,[-6.40000001],-1,4,1,0,1
-1.8761904821509408,[-1.40000001],4,3.8977723377667446,0.0,0.0,1.0
-2.114285720246179,[-1.40000001],4,3.795544675533489,0.0,0.0,1.0
3.5999999940395355,[3.59999999],4,3.6933170133002338,0.0,0.0,1.0
-1.8761904821509408,[-1.40000001],4,3.5910893510669784,0.0,0.0,1.0
-1.8761904821509408,[-1.40000001],4,3.488861688833723,0.0,0.0,1.0
-1.6380952440557026,[-1.40000001],4,3.3866340266004675,0.0,0.0,1.0
3.5999999940395355,[3.59999999],4,3.284406364367212,0.0,0.0,1.0
-1.8761904821509408,[-1.40000001],4,3.1821787021339567,0.0,0.0,1.0
-1.8761904821509408,[-1.40000001],4,3.0799510399007013,0.0,0.0,1.0
3.5999999940395355,[3.59999999],4,2.977723377667446,0.0,0.0,1.0
3.5999999940395355,[3.59999999],4,2.8754957154341905,0.0,0.0,1.0
-2.114285720246179,[-1.40000001],4,2.773268053200935,0.0,0.0,1.0
-1.8761904821509408,[-1.40000001],4,2.6710403909676796,0.0,0.0,1.0
3.5999999940395355,[3.59999999],4,2.5688127287344242,0.0,0.0,1.0
-1.6380952440557026,[-1.40000001],4,2.466585066501169,0.0,0.0,1.0
-1.6380952440557026,[-1.40000001],4,2.3643574042679134,0.0,0.0,1.0
-1.6380952440557026,[-1.40000001],4,2.262129742034658,0.0,0.0,1.0
-1.6380952440557026,[-1.40000001],4,2.1599020798014026,0.0,0.0,1.0
-2.114285720246179,[-1.40000001],4,2.057674417568147,0.0,0.0,1.0
-1.8761904821509408,[-1.40000001],4,1.9554467553348918,0.0,0.0,1.0
-1.8761904821509408,[-6.40000001],-1,4,1,0,1
-1.6380952440557026,[-1.40000001],4,3.8977723377667446,0.0,0.0,1.0
-1.8761904821509408,[-1.40000001],4,3.795544675533489,0.0,0.0,1.0
-1.6380952440557026,[-1.40000001],4,3.6933170133002338,0.0,0.0,1.0
-1.6380952440557026,[-1.40000001],4,3.5910893510669784,0.0,0.0,1.0
-1.6380952440557026,[-1.40000001],4,3.488861688833723,0.0,0.0,1.0
-1.8761904821509408,[-1.40000001],4,3.3866340266004675,0.0,0.0,1.0
-2.114285720246179,[-1.40000001],4,3.284406364367212,0.0,0.0,1.0
-1.6380952440557026,[-1.40000001],4,3.1821787021339567,0.0,0.0,1.0
3.5999999940395355,[3.59999999],4,3.0799510399007013,0.0,0.0,1.0
-1.8761904821509408,[-1.40000001],4,2.977723377667446,0.0,0.0,1.0
-1.638970219320739,[-1.47349793],4,2.8733735929607316,0.0,0.0,1.0
-1.8761904821509408,[-1.40000001],4,2.771145930727476,0.0,0.0,1.0
3.5999999940395355,[3.59999999],4,2.6689182684942208,0.0,0.0,1.0
-1.8761904821509408,[-1.40000001],4,2.5666906062609653,0.0,0.0,1.0
3.5999999940395355,[3.59999999],4,2.46446294402771,0.0,0.0,1.0
-1.8761904821509408,[-1.40000001],4,2.3622352817944545,0.0,0.0,1.0
-1.6380952440557026,[-1.40000001],4,2.260007619561199,0.0,0.0,1.0
-2.114285720246179,[-1.40000001],4,2.1577799573279437,0.0,0.0,1.0
-1.6380952440557026,[-1.40000001],4,2.0555522950946883,0.0,0.0,1.0
-1.6380952440557026,[-1.40000001],4,1.9533246328614329,0.0,0.0,1.0
-1.8761904821509408,[-6.40000001],-1,4,1,0,1
-2.114285720246179,[-1.40000001],4,3.8977723377667446,0.0,0.0,1.0
3.5999999940395355,[3.59999999],4,3.795544675533489,0.0,0.0,1.0
-2.114285720246179,[-1.40000001],4,3.6933170133002338,0.0,0.0,1.0
3.5999999940395355,[3.59999999],4,3.5910893510669784,0.0,0.0,1.0
-1.6380952440557026,[-1.40000001],4,3.488861688833723,0.0,0.0,1.0
3.5999999940395355,[3.59999999],4,3.3866340266004675,0.0,0.0,1.0
-1.8761904821509408,[-1.40000001],4,3.284406364367212,0.0,0.0,1.0
-1.6380952440557026,[-1.40000001],4,3.1821787021339567,0.0,0.0,1.0
-1.6380952440557026,[-1.40000001],4,3.0799510399007013,0.0,0.0,1.0
-1.6380952440557026,[-1.40000001],4,2.977723377667446,0.0,0.0,1.0
-1.8761904821509408,[-1.40000001],4,2.8754957154341905,0.0,0.0,1.0
-1.6380952440557026,[-1.40000001],4,2.773268053200935,0.0,0.0,1.0
-1.8761904821509408,[-1.40000001],4,2.6710403909676796,0.0,0.0,1.0
-1.8761904821509408,[-1.40000001],4,2.5688127287344242,0.0,0.0,1.0
-1.8761904821509408,[-1.40000001],4,2.466585066501169,0.0,0.0,1.0
3.5995014143009114,[3.5581193],4,2.363148173184968,0.0,0.0,1.0
-2.590476196436655,[-1.40000001],4,2.2609205109517125,0.0,0.0,1.0
3.5999999940395355,[3.59999999],4,2.158692848718457,0.0,0.0,1.0
-1.8761904821509408,[-1.40000001],4,2.0564651864852017,0.0,0.0,1.0
3.5999999940395355,[3.59999999],4,1.9542375242519463,0.0,0.0,1.0
-1.6380952440557026,[-6.40000001],-1,4,1,0,1
-1.8761904821509408,[-1.40000001],4,3.8977723377667446,0.0,0.0,1.0
-1.6380952440557026,[-1.40000001],4,3.795544675533489,0.0,0.0,1.0
-1.6380952440557026,[-1.40000001],4,3.6933170133002338,0.0,0.0,1.0
-1.8761904821509408,[-1.40000001],4,3.5910893510669784,0.0,0.0,1.0
-1.6380952440557026,[-1.40000001],4,3.488861688833723,0.0,0.0,1.0
-1.8761904821509408,[-1.40000001],4,3.3866340266004675,0.0,0.0,1.0
3.5999999940395355,[3.59999999],4,3.284406364367212,0.0,0.0,1.0
3.5999999940395355,[3.59999999],4,3.1821787021339567,0.0,0.0,1.0
-1.8761904821509408,[-1.40000001],4,3.0799510399007013,0.0,0.0,1.0
-1.6380952440557026,[-1.40000001],4,2.977723377667446,0.0,0.0,1.0
-1.8761904821509408,[-1.40000001],4,2.8754957154341905,0.0,0.0,1.0
3.5999999940395355,[3.59999999],4,2.773268053200935,0.0,0.0,1.0
-1.8761904821509408,[-1.40000001],4,2.6710403909676796,0.0,0.0,1.0
-1.8761904821509408,[-1.40000001],4,2.5688127287344242,0.0,0.0,1.0
3.5999999940395355,[3.59999999],4,2.466585066501169,0.0,0.0,1.0
-1.8761904821509408,[-1.40000001],4,2.3643574042679134,0.0,0.0,1.0
-1.8761904821509408,[-1.40000001],4,2.262129742034658,0.0,0.0,1.0
-1.6380952440557026,[-1.40000001],4,2.1599020798014026,0.0,0.0,1.0
3.5999999940395355,[3.59999999],4,2.057674417568147,0.0,0.0,1.0
-2.590476196436655,[-1.40000001],4,1.9554467553348918,0.0,0.0,1.0
-1.6380952440557026,[-6.40000001],-1,4,1,0,1
3.5999999940395355,[3.59999999],4,3.8977723377667446,0.0,0.0,1.0
3.5999999940395355,[3.59999999],4,3.795544675533489,0.0,0.0,1.0
-1.6380952440557026,[-1.40000001],4,3.6933170133002338,0.0,0.0,1.0
-1.6380952440557026,[-1.40000001],4,3.5910893510669784,0.0,0.0,1.0
-1.6380952440557026,[-1.40000001],4,3.488861688833723,0.0,0.0,1.0
-1.6380952440557026,[-1.40000001],4,3.3866340266004675,0.0,0.0,1.0
-1.6380952440557026,[-1.40000001],4,3.284406364367212,0.0,0.0,1.0
-1.8761904821509408,[-1.40000001],4,3.1821787021339567,0.0,0.0,1.0
-2.114285720246179,[-1.40000001],4,3.0799510399007013,0.0,0.0,1.0
3.5999999940395355,[3.59999999],4,2.977723377667446,0.0,0.0,1.0
-1.6400635755104034,[-1.56533985],4,2.8707218202592766,0.0,0.0,1.0
-1.8761904821509408,[-1.40000001],4,2.768494158026021,0.0,0.0,1.0
-1.6380952440557026,[-1.40000001],4,2.6662664957927658,0.0,0.0,1.0
-1.6380952440557026,[-1.40000001],4,2.5640388335595103,0.0,0.0,1.0
-1.8761904821509408,[-1.40000001],4,2.461811171326255,0.0,0.0,1.0
3.5999999940395355,[3.59999999],4,2.3595835090929995,0.0,0.0,1.0
-1.8761904821509408,[-1.40000001],4,2.257355846859744,0.0,0.0,1.0
-1.6380952440557026,[-1.40000001],4,2.1551281846264887,0.0,0.0,1.0
-1.8763142184564434,[-1.41039386],4,2.0526004183620903,0.0,0.0,1.0
-1.8763142184564434,[-1.41039386],4,1.9500726520976919,0.0,0.0,1.0
-1.9453319124663657,[-8.20788015],-1,4,1,0,1
-5.45762832480739,[-6.24077879],4,3.873496348452422,0.0,0.0,1.0
-0.21953308671215155,[-1.24077879],4,3.7469926969048437,0.0,0.0,1.0
-4.495238101198559,[-4.40000001],4,3.6447650346715883,0.0,0.0,1.0
-2.114285720246179,[-1.40000001],4,3.542537372438333,0.0,0.0,1.0
3.5999999940395355,[3.59999999],4,3.4403097102050775,0.0,0.0,1.0
-1.8761904821509408,[-1.40000001],4,3.338082047971822,0.0,0.0,1.0
3.5994051360828196,[3.55003193],4,3.2344116461481964,0.0,0.0,1.0
-1.6394672572530091,[-1.51524911],4,3.128856369882075,0.0,0.0,1.0
-1.6380952440557026,[-1.40000001],4,3.0266287076488196,0.0,0.0,1.0
-1.6380952440557026,[-1.40000001],4,2.9244010454155642,0.0,0.0,1.0
-2.114285720246179,[-1.40000001],4,2.822173383182309,0.0,0.0,1.0
-1.6380952440557026,[-1.40000001],4,2.7199457209490534,0.0,0.0,1.0
3.5922624506643093,[2.95004635],4,2.5989518032949137,0.0,0.0,1.0
-1.8761904821509408,[-1.40000001],4,2.4967241410616583,0.0,0.0,1.0
-1.6380952440557026,[-1.40000001],4,2.394496478828403,0.0,0.0,1.0
-1.6380952440557026,[-1.40000001],4,2.2922688165951475,0.0,0.0,1.0
3.5999999940395355,[3.59999999],4,2.190041154361892,0.0,0.0,1.0
3.5999999940395355,[3.59999999],4,2.0878134921286366,0.0,0.0,1.0
3.5999999940395355,[3.59999999],4,1.9855858298953812,0.0,0.0,1.0
-2.590767876391778,[-6.42450112],-1,4,1,0,1
-1.8761904821509408,[-1.40000001],4,3.8977723377667446,0.0,0.0,1.0
-1.6380952440557026,[-1.40000001],4,3.795544675533489,0.0,0.0,1.0
-1.8761904821509408,[-1.40000001],4,3.6933170133002338,0.0,0.0,1.0
-1.6380952440557026,[-1.40000001],4,3.5910893510669784,0.0,0.0,1.0
-1.8761904821509408,[-1.40000001],4,3.488861688833723,0.0,0.0,1.0
-2.352380958341417,[-1.40000001],4,3.3866340266004675,0.0,0.0,1.0
3.5999999940395355,[3.59999999],4,3.284406364367212,0.0,0.0,1.0
-1.6380952440557026,[-1.40000001],4,3.1821787021339567,0.0,0.0,1.0
3.5999999940395355,[3.59999999],4,3.0799510399007013,0.0,0.0,1.0
-1.6380952440557026,[-1.40000001],4,2.977723377667446,0.0,0.0,1.0
-2.114285720246179,[-1.40000001],4,2.8754957154341905,0.0,0.0,1.0
3.5999999940395355,[3.59999999],4,2.773268053200935,0.0,0.0,1.0
3.5999999940395355,[3.59999999],4,2.6710403909676796,0.0,0.0,1.0
3.5999999940395355,[3.59999999],4,2.5688127287344242,0.0,0.0,1.0
-1.6380952440557026,[-1.40000001],4,2.466585066501169,0.0,0.0,1.0
-2.114285720246179,[-1.40000001],4,2.3643574042679134,0.0,0.0,1.0
-1.8761904821509408,[-1.40000001],4,2.262129742034658,0.0,0.0,1.0
-1.8761904821509408,[-1.40000001],4,2.1599020798014026,0.0,0.0,1.0
-2.114285720246179,[-1.40000001],4,2.057674417568147,0.0,0.0,1.0
3.5999999940395355,[3.59999999],4,1.9554467553348918,0.0,0.0,1.0
-2.114285720246179,[-6.40000001],-1,4,1,0,1
-1.6380952440557026,[-1.40000001],4,3.8977723377667446,0.0,0.0,1.0
-1.6380952440557026,[-1.40000001],4,3.795544675533489,0.0,0.0,1.0
3.5999999940395355,[3.59999999],4,3.6933170133002338,0.0,0.0,1.0
3.5999999940395355,[3.59999999],4,3.5910893510669784,0.0,0.0,1.0
3.593443126877909,[3.04922315],4,3.4729589862789307,0.0,0.0,1.0
-1.8761904821509408,[-1.40000001],4,3.3707313240456753,0.0,0.0,1.0
-1.6380952440557026,[-1.40000001],4,3.26850366181242,0.0,0.0,1.0
-1.6380952440557026,[-1.40000001],4,3.1662759995791645,0.0,0.0,1.0
-2.352380958341417,[-1.40000001],4,3.064048337345909,0.0,0.0,1.0
-1.6380952440557026,[-1.40000001],4,2.9618206751126537,0.0,0.0,1.0
-1.6380952440557026,[-1.40000001],4,2.8595930128793983,0.0,0.0,1.0
-2.352380958341417,[-1.40000001],4,2.757365350646143,0.0,0.0,1.0
-1.8761904821509408,[-1.40000001],4,2.6551376884128874,0.0,0.0,1.0
-1.6380952440557026,[-1.40000001],4,2.552910026179632,0.0,0.0,1.0
-1.8761904821509408,[-1.40000001],4,2.4506823639463766,0.0,0.0,1.0
-1.6380952440557026,[-1.40000001],4,2.348454701713121,0.0,0.0,1.0
3.5987866023440707,[3.49807509],4,2.243284138295042,0.0,0.0,1.0
3.5999999940395355,[3.59999999],4,2.1410564760617867,0.0,0.0,1.0
3.5999999940395355,[3.59999999],4,2.0388288138285313,0.0,0.0,1.0
-1.6380952440557026,[-1.40000001],4,1.936601151595276,0.0,0.0,1.0
-2.114285720246179,[-6.40000001],-1,4,1,0,1
-1.6380952440557026,[-1.40000001],4,3.8977723377667446,0.0,0.0,1.0
-1.8761904821509408,[-1.40000001],4,3.795544675533489,0.0,0.0,1.0
-1.6380952440557026,[-1.40000001],4,3.6933170133002338,0.0,0.0,1.0
3.5999999940395355,[3.59999999],4,3.5910893510669784,0.0,0.0,1.0
-1.8761904821509408,[-1.40000001],4,3.488861688833723,0.0,0.0,1.0
-2.114285720246179,[-1.40000001],4,3.3866340266004675,0.0,0.0,1.0
-2.114285720246179,[-1.40000001],4,3.284406364367212,0.0,0.0,1.0
-1.8761904821509408,[-1.40000001],4,3.1821787021339567,0.0,0.0,1.0
-1.8761904821509408,[-1.40000001],4,3.0799510399007013,0.0,0.0,1.0
-1.6380952440557026,[-1.40000001],4,2.977723377667446,0.0,0.0,1.0
-1.6380952440557026,[-1.40000001],4,2.8754957154341905,0.0,0.0,1.0
-1.6380952440557026,[-1.40000001],4,2.773268053200935,0.0,0.0,1.0
-1.8761904821509408,[-1.40000001],4,2.6710403909676796,0.0,0.0,1.0
3.5999999940395355,[3.59999999],4,2.5688127287344242,0.0,0.0,1.0
-1.6380952440557026,[-1.40000001],4,2.466585066501169,0.0,0.0,1.0
-1.6380952440557026,[-1.40000001],4,2.3643574042679134,0.0,0.0,1.0
-2.114285720246179,[-1.40000001],4,2.262129742034658,0.0,0.0,1.0
3.5999999940395355,[3.59999999],4,2.1599020798014026,0.0,0.0,1.0
-1.8761904821509408,[-1.40000001],4,2.057674417568147,0.0,0.0,1.0
-1.6380952440557026,[-1.40000001],4,1.9554467553348918,0.0,0.0,1.0
-1.6380952440557026,[-6.40000001],-1,4,1,0,1
-1.6380952440557026,[-1.40000001],4,3.8977723377667446,0.0,0.0,1.0
-1.8761904821509408,[-1.40000001],4,3.795544675533489,0.0,0.0,1.0
-2.828571434531893,[-1.40000001],4,3.6933170133002338,0.0,0.0,1.0
-2.114285720246179,[-1.40000001],4,3.5910893510669784,0.0,0.0,1.0
3.5999999940395355,[3.59999999],4,3.488861688833723,0.0,0.0,1.0
-1.8761904821509408,[-1.40000001],4,3.3866340266004675,0.0,0.0,1.0
-1.6380952440557026,[-1.40000001],4,3.284406364367212,0.0,0.0,1.0
3.5999999940395355,[3.59999999],4,3.1821787021339567,0.0,0.0,1.0
-1.6380952440557026,[-1.40000001],4,3.0799510399007013,0.0,0.0,1.0
-1.8761904821509408,[-1.40000001],4,2.977723377667446,0.0,0.0,1.0
-1.8761904821509408,[-1.40000001],4,2.8754957154341905,0.0,0.0,1.0
3.5999999940395355,[3.59999999],4,2.773268053200935,0.0,0.0,1.0
-1.8776230652311146,[-1.52033698],4,2.6675658736989516,0.0,0.0,1.0
-1.6380952440557026,[-1.40000001],4,2.565338211465696,0.0,0.0,1.0
-1.6380952440557026,[-1.40000001],4,2.4631105492324408,0.0,0.0,1.0
-1.6380952440557026,[-1.40000001],4,2.3608828869991854,0.0,0.0,1.0
-1.6380952440557026,[-1.40000001],4,2.25865522476593,0.0,0.0,1.0
-1.6380952440557026,[-1.40000001],4,2.1564275625326745,0.0,0.0,1.0
-1.8761904821509408,[-1.40000001],4,2.054199900299419,0.0,0.0,1.0
-2.114285720246179,[-1.40000001],4,1.9519722380661637,0.0,0.0,1.0
-1.8761904821509408,[-6.40000001],-1,4,1,0,1
-1.8761904821509408,[-1.40000001],4,3.8977723377667446,0.0,0.0,1.0
-1.8761904821509408,[-1.40000001],4,3.795544675533489,0.0,0.0,1.0
3.5999999940395355,[3.59999999],4,3.6933170133002338,0.0,0.0,1.0
-1.8761904821509408,[-1.40000001],4,3.5910893510669784,0.0,0.0,1.0
-2.114746440225482,[-1.43870048],4,3.4877442809701993,0.0,0.0,1.0
-1.6380952440557026,[-1.40000001],4,3.385516618736944,0.0,0.0,1.0
3.5999999940395355,[3.59999999],4,3.2832889565036885,0.0,0.0,1.0
-1.6380952440557026,[-1.40000001],4,3.181061294270433,0.0,0.0,1.0
3.5999999940395355,[3.59999999],4,3.0788336320371776,0.0,0.0,1.0
-1.6380952440557026,[-1.40000001],4,2.9766059698039222,0.0,0.0,1.0
3.5999999940395355,[3.59999999],4,2.874378307570667,0.0,0.0,1.0
-1.6380952440557026,[-1.40000001],4,2.7721506453374114,0.0,0.0,1.0
3.5999999940395355,[3.59999999],4,2.669922983104156,0.0,0.0,1.0
-1.6380952440557026,[-1.40000001],4,2.5676953208709006,0.0,0.0,1.0
-1.6500000059604645,[-1.40000001],4,2.5116648739107,0.0,0.0,1.0
-1.9000000059604645,[-1.40000001],4,2.4556344269504993,0.0,0.0,1.0
-1.6514972931723242,[-1.51978298],4,2.3961454519948386,0.0,0.0,1.0
-1.6500000059604645,[-1.40000001],4,2.340115005034638,0.0,0.0,1.0
-1.9032812378768484,[-1.66249856],4,2.2765053632713883,0.0,0.0,1.0
3.5999999940395355,[3.59999999],4,2.2204749163111877,0.0,0.0,1.0
-2.1500000059604645,[-1.40000001],4,2.164444469350987,0.0,0.0,1.0
3.5999999940395355,[3.59999999],4,2.1084140223907863,0.0,0.0,1.0
-1.6500000059604645,[-1.40000001],4,2.0523835754305857,0.0,0.0,1.0
3.5999999940395355,[3.59999999],4,1.996353128470385,0.0,0.0,1.0
-2.1500000059604645,[-6.40000001],-1,4,1,0,1
-1.6500000059604645,[-1.40000001],4,3.9439695530397993,0.0,0.0,1.0
-1.6500000059604645,[-1.40000001],4,3.8879391060795987,0.0,0.0,1.0
3.5999999940395355,[3.59999999],4,3.831908659119398,0.0,0.0,1.0
-1.9000000059604645,[-1.40000001],4,3.7758782121591974,0.0,0.0,1.0
3.5999999940395355,[3.59999999],4,3.7198477651989967,0.0,0.0,1.0
-1.6500000059604645,[-1.40000001],4,3.663817318238796,0.0,0.0,1.0
-1.6500000059604645,[-1.40000001],4,3.6077868712785954,0.0,0.0,1.0
-1.6500000059604645,[-1.40000001],4,3.551756424318395,0.0,0.0,1.0
3.5999999940395355,[3.59999999],4,3.495725977358194,0.0,0.0,1.0
-1.9000000059604645,[-1.40000001],4,3.4396955303979935,0.0,0.0,1.0
-1.6500000059604645,[-1.40000001],4,3.383665083437793,0.0,0.0,1.0
-1.6500000059604645,[-1.40000001],4,3.327634636477592,0.0,0.0,1.0
3.5999999940395355,[3.59999999],4,3.2716041895173915,0.0,0.0,1.0
3.5999999940395355,[3.59999999],4,3.215573742557191,0.0,0.0,1.0
-1.7113255721055576,[-2.3060453],4,3.133382804373684,0.0,0.0,1.0
-5.000000005960464,[-4.40000001],4,3.0773523574134836,0.0,0.0,1.0
-1.6500000059604645,[-1.40000001],4,3.021321910453283,0.0,0.0,1.0
-1.6500000059604645,[-1.40000001],4,2.9652914634930823,0.0,0.0,1.0
3.5999999940395355,[3.59999999],4,2.9092610165328816,0.0,0.0,1.0
-1.6500000059604645,[-1.40000001],4,2.853230569572681,0.0,0.0,1.0
3.5999999940395355,[3.59999999],4,2.7972001226124803,0.0,0.0,1.0
-1.713807197712648,[-2.50457535],4,2.7092769763137587,0.0,0.0,1.0
-1.963807197712648,[-2.50457535],4,2.621353830015037,0.0,0.0,1.0
-4.50668803324037,[-4.93504219],4,2.549874961694016,0.0,0.0,1.0
3.5999999940395355,[3.59999999],4,2.4938445147338153,0.0,0.0,1.0
3.5999999940395355,[3.59999999],4,2.4378140677736146,0.0,0.0,1.0
-1.6500000059604645,[-1.40000001],4,2.381783620813414,0.0,0.0,1.0
-1.6500000059604645,[-1.40000001],4,2.3257531738532133,0.0,0.0,1.0
-1.6500000059604645,[-1.40000001],4,2.2697227268930127,0.0,0.0,1.0
3.5999999940395355,[3.59999999],4,2.213692279932812,0.0,0.0,1.0
-1.9000000059604645,[-1.40000001],4,2.1576618329726114,0.0,0.0,1.0
-1.6500000059604645,[-1.40000001],4,2.1016313860124107,0.0,0.0,1.0
3.592302740405352,[2.83027463],4,2.6105055950015537,0.0,0.0,1.0
-1.9726352690642814,[-4.66352632],3,3.633686313272386,0.0,1.0,2.0
-5.467150876242708,[-3.11508703],8,3.9252528081010594,0.0,0.0,2.0
0.7499999940395359,[3.59999999],7,2.782276328671453,0.0,1.0,1.0
-1.963695154366236,[-3.76951485],3,3.552437888537537,0.0,1.0,2.0
-5.457973143827034,[-2.19731379],8,3.2951396974923672,0.0,0.0,2.0
-4.501328516491571,[-1.53285106],7,2.3457101039351493,0.0,1.0,1.0
-1.9000000059604645,[-1.40000001],4,2.2896796569749487,0.0,0.0,1.0
-1.6500000059604645,[-1.40000001],4,2.233649210014748,0.0,0.0,1.0
-1.6500000059604645,[-1.40000001],4,2.1776187630545474,0.0,0.0,1.0
-1.6500000059604645,[-1.40000001],4,2.1215883160943467,0.0,0.0,1.0
-1.6500000059604645,[-1.40000001],4,2.065557869134146,0.0,0.0,1.0
-1.6500000059604645,[-1.40000001],4,2.0095274221739454,0.0,0.0,1.0
3.5999999940395355,[3.59999999],4,1.9534969752137448,0.0,0.0,1.0
-1.6556073482929017,[-6.73341537],-1,4,1,0,1
2.5295919141337784,[0.9673536],4,3.8968297316085025,0.0,0.0,1.0
3.5999999940395355,[3.59999999],4,3.840799284648302,0.0,0.0,1.0
-1.6500000059604645,[-1.40000001],4,3.7847688376881012,0.0,0.0,1.0
-1.6500000059604645,[-1.40000001],4,3.7287383907279006,0.0,0.0,1.0
-1.9000000059604645,[-1.40000001],4,3.6727079437677,0.0,0.0,1.0
3.5999999940395355,[3.59999999],4,3.6166774968074993,0.0,0.0,1.0
-1.9000000059604645,[-1.40000001],4,3.5606470498472986,0.0,0.0,1.0
-1.9000000059604645,[-1.40000001],4,3.504616602887098,0.0,0.0,1.0
-1.6500000059604645,[-1.40000001],4,3.4485861559268973,0.0,0.0,1.0
-1.9000000059604645,[-1.40000001],4,3.3925557089666967,0.0,0.0,1.0
-1.6500000059604645,[-1.40000001],4,3.336525262006496,0.0,0.0,1.0
3.5999999940395355,[3.59999999],4,3.2804948150462954,0.0,0.0,1.0
-1.6500000059604645,[-1.40000001],4,3.2244643680860947,0.0,0.0,1.0
3.5999999940395355,[3.59999999],4,3.168433921125894,0.0,0.0,1.0
-1.6500000059604645,[-1.40000001],4,3.1124034741656934,0.0,0.0,1.0
-1.6500000059604645,[-1.40000001],4,3.0563730272054928,0.0,0.0,1.0
3.5999999940395355,[3.59999999],4,3.000342580245292,0.0,0.0,1.0
3.5999999940395355,[3.59999999],4,2.9443121332850914,0.0,0.0,1.0
-1.6500000059604645,[-1.40000001],4,2.888281686324891,0.0,0.0,1.0
-1.9000000059604645,[-1.40000001],4,2.83225123936469,0.0,0.0,1.0
3.5999999940395355,[3.59999999],4,2.7762207924044895,0.0,0.0,1.0
-1.9000000059604645,[-1.40000001],4,2.720190345444289,0.0,0.0,1.0
-1.9000000059604645,[-1.40000001],4,2.664159898484088,0.0,0.0,1.0
3.5999999940395355,[3.59999999],4,2.6081294515238875,0.0,0.0,1.0
-1.6500000059604645,[-1.40000001],4,2.552099004563687,0.0,0.0,1.0
-1.6500000059604645,[-1.40000001],4,2.4960685576034862,0.0,0.0,1.0
3.5999999940395355,[3.59999999],4,2.4400381106432856,0.0,0.0,1.0
-1.6500000059604645,[-1.40000001],4,2.384007663683085,0.0,0.0,1.0
-1.9000000059604645,[-1.40000001],4,2.3279772167228843,0.0,0.0,1.0
3.5999999940395355,[3.59999999],4,2.2719467697626836,0.0,0.0,1.0
-1.6500000059604645,[-1.40000001],4,2.215916322802483,0.0,0.0,1.0
3.5999999940395355,[3.59999999],4,2.1598858758422823,0.0,0.0,1.0
-1.9000000059604645,[-1.40000001],4,2.1038554288820817,0.0,0.0,1.0
-1.9000000059604645,[-1.40000001],4,2.047824981921881,0.0,0.0,1.0
-1.6500000059604645,[-1.40000001],4,1.9917945349616804,0.0,0.0,1.0
-1.9000000059604645,[-6.40000001],-1,4,1,0,1
-1.6500000059604645,[-1.40000001],4,3.9439695530397993,0.0,0.0,1.0
-1.6500000059604645,[-1.40000001],4,3.8879391060795987,0.0,0.0,1.0
3.5999999940395355,[3.59999999],4,3.831908659119398,0.0,0.0,1.0
-2.1500000059604645,[-1.40000001],4,3.7758782121591974,0.0,0.0,1.0
-2.1500000059604645,[-1.40000001],4,3.7198477651989967,0.0,0.0,1.0
3.5999999940395355,[3.59999999],4,3.663817318238796,0.0,0.0,1.0
-1.6501549082764222,[-1.41239219],4,3.6074290681615584,0.0,0.0,1.0
-1.6501549082764222,[-1.41239219],4,3.5510408180843207,0.0,0.0,1.0
-1.6500000059604645,[-1.40000001],4,3.49501037112412,0.0,0.0,1.0
-1.6500000059604645,[-1.40000001],4,3.4389799241639194,0.0,0.0,1.0
3.5999999940395355,[3.59999999],4,3.3829494772037187,0.0,0.0,1.0
3.597878327536865,[3.43026667],4,3.3220182719156695,0.0,0.0,1.0
3.593428460360459,[3.0742773],4,3.2508084876734897,0.0,0.0,1.0
3.596037001985367,[3.28296063],4,3.18562407398655,0.0,0.0,1.0
-1.9000000059604645,[-1.40000001],4,3.1295936270263494,0.0,0.0,1.0
3.5999999940395355,[3.59999999],4,3.0735631800661487,0.0,0.0,1.0
-1.6500000059604645,[-1.40000001],4,3.017532733105948,0.0,0.0,1.0
3.5999999940395355,[3.59999999],4,2.9615022861457474,0.0,0.0,1.0
-1.904026281627205,[-1.72210206],4,2.8961716960439894,0.0,0.0,1.0
3.5999999940395355,[3.59999999],4,2.8401412490837887,0.0,0.0,1.0
-1.9000000059604645,[-1.40000001],4,2.784110802123588,0.0,0.0,1.0
-1.6500000059604645,[-1.40000001],4,2.7280803551633874,0.0,0.0,1.0
-1.9000000059604645,[-1.40000001],4,2.6720499082031868,0.0,0.0,1.0
3.5999999940395355,[3.59999999],4,2.616019461242986,0.0,0.0,1.0
3.5999999940395355,[3.59999999],4,2.5599890142827855,0.0,0.0,1.0
-1.6500000059604645,[-1.40000001],4,2.503958567322585,0.0,0.0,1.0
-1.6500000059604645,[-1.40000001],4,2.447928120362384,0.0,0.0,1.0
3.5999999940395355,[3.59999999],4,2.3918976734021835,0.0,0.0,1.0
-1.6500000059604645,[-1.40000001],4,2.335867226441983,0.0,0.0,1.0
3.5999999940395355,[3.59999999],4,2.279836779481782,0.0,0.0,1.0
-1.6500000059604645,[-1.40000001],4,2.2238063325215816,0.0,0.0,1.0
-1.6500000059604645,[-1.40000001],4,2.167775885561381,0.0,0.0,1.0
-1.9000000059604645,[-1.40000001],4,2.1117454386011802,0.0,0.0,1.0
-1.6500000059604645,[-1.40000001],4,2.0557149916409796,0.0,0.0,1.0
-1.6500000059604645,[-1.40000001],4,1.999684544680779,0.0,0.0,1.0
-2.1500000059604645,[-6.40000001],-1,4,1,0,1
3.5999999940395355,[3.59999999],4,3.9439695530397993,0.0,0.0,1.0
-1.9000000059604645,[-1.40000001],4,3.8879391060795987,0.0,0.0,1.0
3.5999999940395355,[3.59999999],4,3.831908659119398,0.0,0.0,1.0
-1.6500000059604645,[-1.40000001],4,3.7758782121591974,0.0,0.0,1.0
-1.65036841816402,[-1.42947298],4,3.7189967835168196,0.0,0.0,1.0
-1.7087510318602261,[-2.10008208],4,3.642752674689414,0.0,0.0,1.0
-0.2102164444192775,[-1.21731508],4,3.5631236667915753,0.0,0.0,1.0
0.7499999940395359,[0.59999999],4,3.5070932198313747,0.0,0.0,1.0
3.5999999940395355,[3.59999999],4,3.451062772871174,0.0,0.0,1.0
-1.6500000059604645,[-1.40000001],4,3.3950323259109734,0.0,0.0,1.0
3.5999999940395355,[3.59999999],4,3.3390018789507727,0.0,0.0,1.0
-2.1500000059604645,[-1.40000001],4,3.282971431990572,0.0,0.0,1.0
-2.1500000059604645,[-1.40000001],4,3.2269409850303714,0.0,0.0,1.0
-1.9000000059604645,[-1.40000001],4,3.1709105380701708,0.0,0.0,1.0
-1.9000000059604645,[-1.40000001],4,3.11488009110997,0.0,0.0,1.0
3.5999999940395355,[3.59999999],4,3.0588496441497695,0.0,0.0,1.0
3.5999999940395355,[3.59999999],4,3.002819197189569,0.0,0.0,1.0
-1.6500000059604645,[-1.40000001],4,2.946788750229368,0.0,0.0,1.0
-1.6500000059604645,[-1.40000001],4,2.8907583032691675,0.0,0.0,1.0
3.5999999940395355,[3.59999999],4,2.834727856308967,0.0,0.0,1.0
3.5999999940395355,[3.59999999],4,2.778697409348766,0.0,0.0,1.0
3.5999999940395355,[3.59999999],4,2.7226669623885655,0.0,0.0,1.0
-1.6500000059604645,[-1.40000001],4,2.666636515428365,0.0,0.0,1.0
-1.9000000059604645,[-1.40000001],4,2.6106060684681642,0.0,0.0,1.0
-1.9000000059604645,[-1.40000001],4,2.5545756215079636,0.0,0.0,1.0
-1.6500000059604645,[-1.40000001],4,2.498545174547763,0.0,0.0,1.0
3.5999999940395355,[3.59999999],4,2.4425147275875623,0.0,0.0,1.0
-1.6631579006973065,[-1.40000001],4,2.432681586576931,0.0,0.0,1.0
3.5999999940395355,[3.59999999],4,2.4228484455663,0.0,0.0,1.0
-1.9263157954341485,[-1.40000001],4,2.413015304555669,0.0,0.0,1.0
-1.9263157954341485,[-1.40000001],4,2.4031821635450377,0.0,0.0,1.0
-1.6631579006973065,[-1.40000001],4,2.3933490225344065,0.0,0.0,1.0
3.5999999940395355,[3.59999999],4,2.3835158815237754,0.0,0.0,1.0
-1.6631579006973065,[-1.40000001],4,2.373682740513144,0.0,0.0,1.0
-1.6631579006973065,[-1.40000001],4,2.363849599502513,0.0,0.0,1.0
3.5999999940395355,[3.59999999],4,2.354016458491882,0.0,0.0,1.0
3.5999999940395355,[3.59999999],4,2.3441833174812508,0.0,0.0,1.0
3.5994641317466622,[3.55927446],4,2.3331742940836717,0.0,0.0,1.0
3.598494159942139,[3.4855566],4,2.3200367897490084,0.0,0.0,1.0
3.5999999940395355,[3.59999999],4,2.3102036487383772,0.0,0.0,1.0
3.5999999940395355,[3.59999999],4,2.300370507727746,0.0,0.0,1.0
3.5999999940395355,[3.59999999],4,2.290537366717115,0.0,0.0,1.0
2.536879085858625,[1.8996589],4,2.4112058137727734,0.0,0.0,1.0
0.751192819508591,[-0.03668159],4,2.88105792115819,0.0,0.0,1.0
-4.505263163855201,[-4.40000001],4,2.8712247801475588,0.0,0.0,1.0
3.5999999940395355,[3.59999999],4,2.8613916391369276,0.0,0.0,1.0
3.593738486313538,[3.12412541],4,2.8378184110529405,0.0,0.0,1.0
-1.6631579006973065,[-1.40000001],4,2.8279852700423094,0.0,0.0,1.0
-1.6631579006973065,[-1.40000001],4,2.818152129031678,0.0,0.0,1.0
3.5999999940395355,[3.59999999],4,2.808318988021047,0.0,0.0,1.0
3.5999999940395355,[3.59999999],4,2.798485847010416,0.0,0.0,1.0
3.5999999940395355,[3.59999999],4,2.7886527059997848,0.0,0.0,1.0
-1.9263157954341485,[-1.40000001],4,2.7788195649891536,0.0,0.0,1.0
-1.9263157954341485,[-1.40000001],4,2.7689864239785225,0.0,0.0,1.0
-1.6631579006973065,[-1.40000001],4,2.7591532829678913,0.0,0.0,1.0
-1.6631579006973065,[-1.40000001],4,2.74932014195726,0.0,0.0,1.0
-1.6631579006973065,[-1.40000001],4,2.739487000946629,0.0,0.0,1.0
-1.6631579006973065,[-1.40000001],4,2.729653859935998,0.0,0.0,1.0
-1.6631579006973065,[-1.40000001],4,2.7198207189253667,0.0,0.0,1.0
3.5999999940395355,[3.59999999],4,2.7099875779147355,0.0,0.0,1.0
-1.6631579006973065,[-1.40000001],4,2.7001544369041044,0.0,0.0,1.0
3.5999999940395355,[3.59999999],4,2.6903212958934732,0.0,0.0,1.0
3.5999999940395355,[3.59999999],4,2.680488154882842,0.0,0.0,1.0
-1.6631579006973065,[-1.40000001],4,2.670655013872211,0.0,0.0,1.0
3.5999999940395355,[3.59999999],4,2.66082187286158,0.0,0.0,1.0
-1.6631579006973065,[-1.40000001],4,2.6509887318509486,0.0,0.0,1.0
3.5999999940395355,[3.59999999],4,2.6411555908403175,0.0,0.0,1.0
3.5999999940395355,[3.59999999],4,2.6313224498296863,0.0,0.0,1.0
3.5999999940395355,[3.59999999],4,2.621489308819055,0.0,0.0,1.0
-1.6631579006973065,[-1.40000001],4,2.611656167808424,0.0,0.0,1.0
3.5999999940395355,[3.59999999],4,2.601823026797793,0.0,0.0,1.0
3.5999999940395355,[3.59999999],4,2.5919898857871617,0.0,0.0,1.0
3.5999999940395355,[3.59999999],4,2.5821567447765306,0.0,0.0,1.0
3.5999999940395355,[3.59999999],4,2.5723236037658994,0.0,0.0,1.0
3.5999999940395355,[3.59999999],4,2.5624904627552683,0.0,0.0,1.0
3.5999999940395355,[3.59999999],4,2.552657321744637,0.0,0.0,1.0
3.5999999940395355,[3.59999999],4,2.542824180734006,0.0,0.0,1.0
-1.6631579006973065,[-1.40000001],4,2.532991039723375,0.0,0.0,1.0
3.5999999940395355,[3.59999999],4,2.5231578987127437,0.0,0.0,1.0
-1.9263157954341485,[-1.40000001],4,2.5133247577021125,0.0,0.0,1.0
-1.6631579006973065,[-1.40000001],4,2.5034916166914813,0.0,0.0,1.0
-1.6631579006973065,[-1.40000001],4,2.49365847568085,0.0,0.0,1.0
3.5999999940395355,[3.59999999],4,2.483825334670219,0.0,0.0,1.0
-1.667057877496421,[-1.69639824],4,2.4654341866441056,0.0,0.0,1.0
-1.9263157954341485,[-1.40000001],4,2.4556010456334745,0.0,0.0,1.0
-1.6631579006973065,[-1.40000001],4,2.4457679046228433,0.0,0.0,1.0
-1.6631579006973065,[-1.40000001],4,2.435934763612212,0.0,0.0,1.0
-1.6631579006973065,[-1.40000001],4,2.426101622601581,0.0,0.0,1.0
-1.6631579006973065,[-1.40000001],4,2.41626848159095,0.0,0.0,1.0
3.5999999940395355,[3.59999999],4,2.4064353405803187,0.0,0.0,1.0
-1.6631579006973065,[-1.40000001],4,2.3966021995696876,0.0,0.0,1.0
3.5999999940395355,[3.59999999],4,2.3867690585590564,0.0,0.0,1.0
3.5999999940395355,[3.59999999],4,2.3769359175484253,0.0,0.0,1.0
3.5999999940395355,[3.59999999],4,2.367102776537794,0.0,0.0,1.0
3.5999999940395355,[3.59999999],4,2.357269635527163,0.0,0.0,1.0
3.5999999940395355,[3.59999999],4,2.347436494516532,0.0,0.0,1.0
2.5266782249044333,[1.02754554],4,2.2922013787005673,0.0,0.0,1.0
-0.1987310977727733,[-1.10356298],4,2.262054030090412,0.0,0.0,1.0
0.7578947308816408,[0.59999999],4,2.252220889079781,0.0,0.0,1.0
2.5381092721522087,[1.89630513],4,2.2220697324916725,0.0,0.0,1.0
-2.051824418032824,[-2.23496046],4,2.167810508898953,0.0,0.0,1.0
-9.3744777279398,[-11.46030688],4,2.0984894940607797,0.0,0.0,1.0
-10.209480772602832,[-11.01657617],4,2.068946978069864,0.0,0.0,1.0
-0.02878608553192541,[-1.67259774],4,2.068567038648664,0.0,0.0,1.0
-4.788888894849354,[-4.40000001],4,2.1049313006643793,0.0,0.0,1.0
-2.748539381567548,[-3.49483505],4,2.109683967494232,0.0,0.0,1.0
0.7666666607062025,[0.59999999],4,2.146048229509947,0.0,0.0,1.0
0.7666666607062025,[0.59999999],4,2.182412491525662,0.0,0.0,1.0
3.5999999940395355,[3.59999999],4,2.2187767535413774,0.0,0.0,1.0
3.5999999940395355,[3.59999999],4,2.2551410155570926,0.0,0.0,1.0
3.5999999940395355,[3.59999999],4,2.2915052775728078,0.0,0.0,1.0
3.5999999940395355,[3.59999999],4,2.327869539588523,0.0,0.0,1.0
3.5999999940395355,[3.59999999],4,2.364233801604238,0.0,0.0,1.0
3.5999999940395355,[3.59999999],4,2.4005980636199533,0.0,0.0,1.0
3.5979554757114687,[3.45279467],4,2.4327120067886896,0.0,0.0,1.0
2.5313546519545858,[1.65753536],4,2.4418641206031713,0.0,0.0,1.0
-0.1922410787626822,[-1.44135725],4,2.4481608715720093,0.0,0.0,1.0
-0.1922410787626822,[-1.44135725],4,2.4544576225408474,0.0,0.0,1.0
0.7666666607062025,[0.59999999],4,2.4908218845565626,0.0,0.0,1.0
-1.6777777837382422,[-1.40000001],4,2.527186146572278,0.0,0.0,1.0
3.5999999940395355,[3.59999999],4,2.563550408587993,0.0,0.0,1.0
3.5999999940395355,[3.59999999],4,2.599914670603708,0.0,0.0,1.0
3.5999999940395355,[3.59999999],4,2.6362789326194234,0.0,0.0,1.0
3.5999999940395355,[3.59999999],4,2.6726431946351386,0.0,0.0,1.0
3.5999999940395355,[3.59999999],4,2.7090074566508537,0.0,0.0,1.0
3.5999999940395355,[3.59999999],4,2.745371718666569,0.0,0.0,1.0
3.5999999940395355,[3.59999999],4,2.781735980682284,0.0,0.0,1.0
3.5981479370987857,[3.43331487],4,2.9673693973820026,0.0,0.0,1.0
3.5999999940395355,[3.59999999],4,3.0037336593977177,0.0,0.0,1.0
3.5999999940395355,[3.59999999],4,3.040097921413433,0.0,0.0,1.0
3.5999999940395355,[3.59999999],4,3.076462183429148,0.0,0.0,1.0
3.5999999940395355,[3.59999999],4,3.1590239525650525,0.0,0.0,1.0
3.5999999940395355,[3.59999999],4,3.241585721700957,0.0,0.0,1.0
3.5999999940395355,[3.59999999],4,3.3241474908368613,0.0,0.0,1.0
3.5999999940395355,[3.59999999],4,3.4067092599727657,0.0,0.0,1.0
3.5999999940395355,[3.59999999],4,3.48927102910867,0.0,0.0,1.0
3.5999999940395355,[3.59999999],4,3.5718327982445746,0.0,0.0,1.0
3.5999999940395355,[3.59999999],4,3.654394567380479,0.0,0.0,1.0
3.5999999940395355,[3.59999999],4,3.7369563365163834,0.0,0.0,1.0
3.5999999940395355,[3.59999999],4,3.8195181056522878,0.0,0.0,1.0
3.5999999940395355,[3.59999999],4,3.902079874788192,0.0,0.0,1.0
3.5999999940395355,[3.59999999],4,3.9846416439240966,0.0,0.0,1.0
3.5999999940395355,[3.59999999],4,4.067203413060001,0.0,0.0,1.0
3.5999999940395355,[3.59999999],4,4.149765182195906,0.0,0.0,1.0
3.5999999940395355,[3.59999999],4,4.23232695133181,0.0,0.0,1.0
3.5999999940395355,[3.59999999],4,4.314888720467715,0.0,0.0,1.0
3.5999999940395355,[3.59999999],4,4.397450489603619,0.0,0.0,1.0
3.5999999940395355,[3.59999999],4,4.4800122587395235,0.0,0.0,1.0
3.5999999940395355,[3.59999999],4,4.562574027875428,0.0,0.0,1.0
3.5999999940395355,[3.59999999],4,4.645135797011332,0.0,0.0,1.0
3.5999999940395355,[3.59999999],4,4.727697566147237,0.0,0.0,1.0
2.5299817539038663,[1.83875966],4,4.788279693702148,0.0,0.0,1.0
2.5299817539038663,[1.83875966],4,4.84886182125706,0.0,0.0,1.0
0.7757089443301012,[0.54820861],4,4.929928193296897,0.0,0.0,1.0
3.5966741108424634,[3.38714347],4,5.052541659323787,0.0,0.0,1.0
3.599827095847135,[3.58893451],4,5.180981547593591,0.0,0.0,1.0
3.5999999940395355,[3.59999999],4,5.309740935653673,0.0,0.0,1.0
3.5999999940395355,[3.59999999],4,5.438500323713756,0.0,0.0,1.0
3.5999999940395355,[3.59999999],4,5.567259711773838,0.0,0.0,1.0
3.5999999940395355,[3.59999999],4,5.69601909983392,0.0,0.0,1.0
3.5999999940395355,[3.59999999],4,5.824778487894003,0.0,0.0,1.0
3.5999999940395355,[3.59999999],4,5.953537875954085,0.0,0.0,1.0
3.5999999940395355,[3.59999999],4,6.0822972640141675,0.0,0.0,1.0
3.5999999940395355,[3.59999999],4,6.21105665207425,0.0,0.0,1.0
